item_id,order_id,book_id,quantity,unit_price,line_total
I000001,O00001,B0158,1,26000,26000
I000002,O00001,B0082,2,23000,46000
I000003,O00002,B0150,1,15000,15000
I000004,O00003,B0091,1,35000,35000
I000005,O00003,B0188,3,33000,99000
I000006,O00003,B0176,3,38000,114000
I000007,O00003,B0192,1,40000,40000
I000008,O00004,B0008,1,36000,36000
I000009,O00004,B0166,2,43000,86000
I000010,O00005,B0113,1,40000,40000
I000011,O00005,B0094,1,29000,29000
I000012,O00006,B0131,1,16000,16000
I000013,O00006,B0038,1,32000,32000
I000014,O00006,B0068,1,36000,36000
I000015,O00006,B0092,1,18000,18000
I000016,O00007,B0173,3,31000,93000
I000017,O00008,B0179,1,33000,33000
I000018,O00009,B0077,1,14000,14000
I000019,O00009,B0174,1,31000,31000
I000020,O00009,B0073,3,11000,33000
I000021,O00010,B0033,1,40000,40000
I000022,O00010,B0114,3,36000,108000
I000023,O00011,B0072,3,29000,87000
I000024,O00011,B0025,2,41000,82000
I000025,O00011,B0059,1,20000,20000
I000026,O00011,B0018,1,25000,25000
I000027,O00012,B0193,1,26000,26000
I000028,O00012,B0128,1,30000,30000
I000029,O00012,B0067,1,35000,35000
I000030,O00012,B0028,3,36000,108000
I000031,O00013,B0138,2,40000,80000
I000032,O00014,B0016,2,19000,38000
I000033,O00014,B0121,1,15000,15000
I000034,O00014,B0190,1,37000,37000
I000035,O00014,B0142,1,43000,43000
I000036,O00015,B0093,1,15000,15000
I000037,O00016,B0036,1,28000,28000
I000038,O00016,B0094,1,29000,29000
I000039,O00016,B0184,2,41000,82000
I000040,O00017,B0056,1,15000,15000
I000041,O00017,B0063,2,28000,56000
I000042,O00017,B0072,1,29000,29000
I000043,O00018,B0200,1,44000,44000
I000044,O00018,B0042,1,22000,22000
I000045,O00018,B0083,1,20000,20000
I000046,O00018,B0138,1,40000,40000
I000047,O00019,B0145,3,40000,120000
I000048,O00019,B0006,1,16000,16000
I000049,O00019,B0200,1,44000,44000
I000050,O00020,B0178,1,11000,11000
I000051,O00021,B0188,1,33000,33000
I000052,O00021,B0032,1,33000,33000
I000053,O00022,B0039,3,30000,90000
I000054,O00022,B0018,3,25000,75000
I000055,O00023,B0055,1,14000,14000
I000056,O00023,B0020,1,34000,34000
I000057,O00023,B0077,1,14000,14000
I000058,O00023,B0150,3,15000,45000
I000059,O00024,B0070,2,26000,52000
I000060,O00025,B0079,1,25000,25000
I000061,O00025,B0161,3,30000,90000
I000062,O00026,B0130,3,37000,111000
I000063,O00026,B0041,3,27000,81000
I000064,O00026,B0123,1,41000,41000
I000065,O00026,B0169,2,24000,48000
I000066,O00027,B0089,1,44000,44000
I000067,O00028,B0022,2,22000,44000
I000068,O00029,B0177,1,24000,24000
I000069,O00030,B0178,1,11000,11000
I000070,O00030,B0005,3,9000,27000
I000071,O00031,B0014,1,29000,29000
I000072,O00031,B0006,3,16000,48000
I000073,O00032,B0095,1,9000,9000
I000074,O00032,B0130,1,37000,37000
I000075,O00033,B0143,1,24000,24000
I000076,O00034,B0005,1,9000,9000
I000077,O00035,B0051,1,9000,9000
I000078,O00036,B0096,2,34000,68000
I000079,O00036,B0117,1,25000,25000
I000080,O00037,B0113,1,40000,40000
I000081,O00038,B0102,2,39000,78000
I000082,O00038,B0172,1,42000,42000
I000083,O00039,B0008,2,36000,72000
I000084,O00039,B0100,1,15000,15000
I000085,O00039,B0076,1,9000,9000
I000086,O00039,B0056,1,15000,15000
I000087,O00040,B0100,1,15000,15000
I000088,O00040,B0133,2,9000,18000
I000089,O00041,B0017,1,17000,17000
I000090,O00041,B0120,1,38000,38000
I000091,O00041,B0181,1,30000,30000
I000092,O00041,B0073,1,11000,11000
I000093,O00042,B0084,1,31000,31000
I000094,O00042,B0131,1,16000,16000
I000095,O00043,B0188,3,33000,99000
I000096,O00043,B0129,1,38000,38000
I000097,O00043,B0021,2,18000,36000
I000098,O00044,B0017,1,17000,17000
I000099,O00045,B0132,1,34000,34000
I000100,O00046,B0134,1,29000,29000
I000101,O00046,B0017,1,17000,17000
I000102,O00046,B0055,3,14000,42000
I000103,O00046,B0083,1,20000,20000
I000104,O00047,B0193,3,26000,78000
I000105,O00048,B0115,1,9000,9000
I000106,O00048,B0086,1,21000,21000
I000107,O00048,B0155,1,41000,41000
I000108,O00048,B0170,3,34000,102000
I000109,O00049,B0126,1,28000,28000
I000110,O00050,B0001,2,13000,26000
I000111,O00050,B0030,2,9000,18000
I000112,O00051,B0141,1,13000,13000
I000113,O00051,B0041,1,27000,27000
I000114,O00052,B0077,1,14000,14000
I000115,O00052,B0186,1,35000,35000
I000116,O00053,B0183,2,22000,44000
I000117,O00054,B0082,1,23000,23000
I000118,O00054,B0057,2,42000,84000
I000119,O00054,B0088,1,43000,43000
I000120,O00055,B0154,1,28000,28000
I000121,O00055,B0073,2,11000,22000
I000122,O00055,B0126,3,28000,84000
I000123,O00056,B0186,3,35000,105000
I000124,O00056,B0113,1,40000,40000
I000125,O00056,B0002,2,13000,26000
I000126,O00057,B0167,1,24000,24000
I000127,O00057,B0123,1,41000,41000
I000128,O00058,B0155,1,41000,41000
I000129,O00058,B0076,1,9000,9000
I000130,O00058,B0104,1,40000,40000
I000131,O00059,B0021,1,18000,18000
I000132,O00060,B0022,1,22000,22000
I000133,O00060,B0190,2,37000,74000
I000134,O00060,B0101,1,31000,31000
I000135,O00061,B0107,1,31000,31000
I000136,O00061,B0159,1,17000,17000
I000137,O00062,B0100,1,15000,15000
I000138,O00062,B0190,1,37000,37000
I000139,O00062,B0154,1,28000,28000
I000140,O00062,B0053,2,9000,18000
I000141,O00063,B0100,1,15000,15000
I000142,O00063,B0056,1,15000,15000
I000143,O00063,B0032,1,33000,33000
I000144,O00063,B0074,1,34000,34000
I000145,O00064,B0161,1,30000,30000
I000146,O00064,B0003,3,29000,87000
I000147,O00065,B0031,2,15000,30000
I000148,O00065,B0173,3,31000,93000
I000149,O00065,B0085,2,39000,78000
I000150,O00065,B0022,1,22000,22000
I000151,O00066,B0191,1,19000,19000
I000152,O00066,B0197,2,28000,56000
I000153,O00066,B0178,1,11000,11000
I000154,O00067,B0182,1,17000,17000
I000155,O00067,B0171,3,35000,105000
I000156,O00068,B0131,1,16000,16000
I000157,O00068,B0114,1,36000,36000
I000158,O00068,B0164,2,31000,62000
I000159,O00069,B0076,2,9000,18000
I000160,O00069,B0116,2,44000,88000
I000161,O00070,B0042,1,22000,22000
I000162,O00070,B0104,1,40000,40000
I000163,O00070,B0150,2,15000,30000
I000164,O00071,B0169,3,24000,72000
I000165,O00071,B0163,1,29000,29000
I000166,O00071,B0136,3,41000,123000
I000167,O00071,B0054,2,18000,36000
I000168,O00072,B0174,1,31000,31000
I000169,O00072,B0004,1,37000,37000
I000170,O00072,B0159,1,17000,17000
I000171,O00073,B0087,1,22000,22000
I000172,O00074,B0016,3,19000,57000
I000173,O00074,B0140,1,28000,28000
I000174,O00074,B0107,1,31000,31000
I000175,O00074,B0048,2,11000,22000
I000176,O00075,B0173,1,31000,31000
I000177,O00075,B0149,1,44000,44000
I000178,O00075,B0098,1,26000,26000
I000179,O00075,B0039,2,30000,60000
I000180,O00076,B0139,2,20000,40000
I000181,O00077,B0074,1,34000,34000
I000182,O00077,B0164,1,31000,31000
I000183,O00077,B0028,3,36000,108000
I000184,O00077,B0102,1,39000,39000
I000185,O00078,B0179,1,33000,33000
I000186,O00078,B0178,1,11000,11000
I000187,O00078,B0095,1,9000,9000
I000188,O00078,B0032,3,33000,99000
I000189,O00079,B0056,1,15000,15000
I000190,O00079,B0125,1,37000,37000
I000191,O00080,B0040,1,17000,17000
I000192,O00080,B0020,3,34000,102000
I000193,O00081,B0036,1,28000,28000
I000194,O00081,B0107,1,31000,31000
I000195,O00082,B0129,1,38000,38000
I000196,O00082,B0117,1,25000,25000
I000197,O00083,B0004,1,37000,37000
I000198,O00083,B0100,1,15000,15000
I000199,O00083,B0069,1,25000,25000
I000200,O00083,B0178,2,11000,22000
I000201,O00084,B0050,1,17000,17000
I000202,O00084,B0159,2,17000,34000
I000203,O00085,B0104,2,40000,80000
I000204,O00085,B0009,1,24000,24000
I000205,O00086,B0026,1,18000,18000
I000206,O00086,B0054,1,18000,18000
I000207,O00087,B0048,1,11000,11000
I000208,O00087,B0091,3,35000,105000
I000209,O00087,B0060,1,37000,37000
I000210,O00087,B0072,1,29000,29000
I000211,O00088,B0064,1,18000,18000
I000212,O00088,B0191,1,19000,19000
I000213,O00088,B0140,1,28000,28000
I000214,O00088,B0078,1,16000,16000
I000215,O00089,B0030,1,9000,9000
I000216,O00089,B0157,1,37000,37000
I000217,O00089,B0064,1,18000,18000
I000218,O00089,B0170,3,34000,102000
I000219,O00090,B0141,3,13000,39000
I000220,O00090,B0140,1,28000,28000
I000221,O00090,B0096,1,34000,34000
I000222,O00090,B0163,2,29000,58000
I000223,O00091,B0190,1,37000,37000
I000224,O00091,B0143,1,24000,24000
I000225,O00091,B0196,1,19000,19000
I000226,O00091,B0156,2,35000,70000
I000227,O00092,B0169,1,24000,24000
I000228,O00092,B0113,2,40000,80000
I000229,O00092,B0110,1,15000,15000
I000230,O00092,B0109,1,11000,11000
I000231,O00093,B0172,3,42000,126000
I000232,O00093,B0045,1,27000,27000
I000233,O00094,B0196,2,19000,38000
I000234,O00095,B0108,1,31000,31000
I000235,O00095,B0153,2,20000,40000
I000236,O00095,B0128,1,30000,30000
I000237,O00095,B0112,1,33000,33000
I000238,O00096,B0021,2,18000,36000
I000239,O00096,B0190,3,37000,111000
I000240,O00096,B0138,3,40000,120000
I000241,O00097,B0161,1,30000,30000
I000242,O00097,B0081,1,31000,31000
I000243,O00097,B0083,2,20000,40000
I000244,O00097,B0131,1,16000,16000
I000245,O00098,B0074,2,34000,68000
I000246,O00099,B0075,2,18000,36000
I000247,O00100,B0068,1,36000,36000
I000248,O00100,B0087,1,22000,22000
I000249,O00100,B0057,1,42000,42000
I000250,O00100,B0045,1,27000,27000
I000251,O00101,B0182,2,17000,34000
I000252,O00101,B0175,1,12000,12000
I000253,O00102,B0176,1,38000,38000
I000254,O00102,B0168,2,27000,54000
I000255,O00102,B0042,1,22000,22000
I000256,O00103,B0106,1,21000,21000
I000257,O00103,B0020,1,34000,34000
I000258,O00104,B0067,1,35000,35000
I000259,O00104,B0018,1,25000,25000
I000260,O00104,B0185,1,13000,13000
I000261,O00104,B0176,1,38000,38000
I000262,O00105,B0188,1,33000,33000
I000263,O00106,B0067,1,35000,35000
I000264,O00106,B0015,2,23000,46000
I000265,O00106,B0018,3,25000,75000
I000266,O00107,B0127,2,16000,32000
I000267,O00107,B0047,2,42000,84000
I000268,O00107,B0029,3,16000,48000
I000269,O00107,B0061,1,32000,32000
I000270,O00108,B0148,1,19000,19000
I000271,O00109,B0036,3,28000,84000
I000272,O00109,B0197,1,28000,28000
I000273,O00110,B0116,1,44000,44000
I000274,O00110,B0078,1,16000,16000
I000275,O00110,B0050,2,17000,34000
I000276,O00110,B0200,1,44000,44000
I000277,O00111,B0113,3,40000,120000
I000278,O00111,B0101,2,31000,62000
I000279,O00111,B0074,2,34000,68000
I000280,O00111,B0140,1,28000,28000
I000281,O00112,B0152,2,37000,74000
I000282,O00112,B0055,1,14000,14000
I000283,O00112,B0131,3,16000,48000
I000284,O00113,B0111,1,19000,19000
I000285,O00113,B0004,1,37000,37000
I000286,O00113,B0063,1,28000,28000
I000287,O00113,B0157,1,37000,37000
I000288,O00114,B0102,1,39000,39000
I000289,O00114,B0168,3,27000,81000
I000290,O00114,B0178,2,11000,22000
I000291,O00114,B0085,2,39000,78000
I000292,O00115,B0069,2,25000,50000
I000293,O00115,B0096,3,34000,102000
I000294,O00116,B0119,3,36000,108000
I000295,O00116,B0200,2,44000,88000
I000296,O00117,B0146,1,24000,24000
I000297,O00117,B0094,3,29000,87000
I000298,O00118,B0052,2,35000,70000
I000299,O00119,B0051,3,9000,27000
I000300,O00119,B0104,1,40000,40000
I000301,O00120,B0136,2,41000,82000
I000302,O00120,B0132,2,34000,68000
I000303,O00120,B0135,1,27000,27000
I000304,O00121,B0085,1,39000,39000
I000305,O00122,B0157,1,37000,37000
I000306,O00123,B0124,2,19000,38000
I000307,O00123,B0047,1,42000,42000
I000308,O00124,B0024,2,36000,72000
I000309,O00124,B0056,2,15000,30000
I000310,O00124,B0108,3,31000,93000
I000311,O00125,B0149,3,44000,132000
I000312,O00125,B0030,3,9000,27000
I000313,O00125,B0195,2,14000,28000
I000314,O00126,B0100,2,15000,30000
I000315,O00127,B0073,1,11000,11000
I000316,O00128,B0029,3,16000,48000
I000317,O00128,B0012,1,44000,44000
I000318,O00128,B0015,1,23000,23000
I000319,O00128,B0004,1,37000,37000
I000320,O00129,B0077,1,14000,14000
I000321,O00129,B0064,1,18000,18000
I000322,O00129,B0194,3,21000,63000
I000323,O00129,B0014,1,29000,29000
I000324,O00130,B0069,2,25000,50000
I000325,O00130,B0090,1,33000,33000
I000326,O00130,B0152,3,37000,111000
I000327,O00130,B0104,1,40000,40000
I000328,O00131,B0184,2,41000,82000
I000329,O00131,B0119,2,36000,72000
I000330,O00131,B0024,3,36000,108000
I000331,O00132,B0044,1,10000,10000
I000332,O00132,B0167,1,24000,24000
I000333,O00132,B0031,1,15000,15000
I000334,O00132,B0128,3,30000,90000
I000335,O00133,B0112,1,33000,33000
I000336,O00133,B0030,1,9000,9000
I000337,O00133,B0170,1,34000,34000
I000338,O00133,B0129,1,38000,38000
I000339,O00134,B0054,1,18000,18000
I000340,O00134,B0020,1,34000,34000
I000341,O00134,B0033,1,40000,40000
I000342,O00134,B0052,2,35000,70000
I000343,O00135,B0013,2,19000,38000
I000344,O00136,B0029,1,16000,16000
I000345,O00136,B0199,1,33000,33000
I000346,O00137,B0186,1,35000,35000
I000347,O00138,B0062,1,26000,26000
I000348,O00138,B0102,3,39000,117000
I000349,O00138,B0043,2,44000,88000
I000350,O00139,B0057,3,42000,126000
I000351,O00140,B0199,1,33000,33000
I000352,O00140,B0188,2,33000,66000
I000353,O00140,B0008,1,36000,36000
I000354,O00140,B0035,1,31000,31000
I000355,O00141,B0036,2,28000,56000
I000356,O00141,B0146,1,24000,24000
I000357,O00141,B0155,3,41000,123000
I000358,O00141,B0143,3,24000,72000
I000359,O00142,B0024,1,36000,36000
I000360,O00143,B0161,2,30000,60000
I000361,O00144,B0071,2,42000,84000
I000362,O00144,B0184,1,41000,41000
I000363,O00144,B0049,1,36000,36000
I000364,O00145,B0108,1,31000,31000
I000365,O00145,B0071,1,42000,42000
I000366,O00145,B0033,1,40000,40000
I000367,O00146,B0081,1,31000,31000
I000368,O00146,B0197,2,28000,56000
I000369,O00146,B0030,1,9000,9000
I000370,O00146,B0142,3,43000,129000
I000371,O00147,B0099,1,18000,18000
I000372,O00147,B0076,1,9000,9000
I000373,O00147,B0032,3,33000,99000
I000374,O00147,B0091,1,35000,35000
I000375,O00148,B0173,3,31000,93000
I000376,O00148,B0188,3,33000,99000
I000377,O00149,B0029,1,16000,16000
I000378,O00149,B0004,2,37000,74000
I000379,O00149,B0061,2,32000,64000
I000380,O00150,B0030,1,9000,9000
I000381,O00151,B0101,2,31000,62000
I000382,O00151,B0141,1,13000,13000
I000383,O00151,B0099,2,18000,36000
I000384,O00151,B0152,3,37000,111000
I000385,O00152,B0101,1,31000,31000
I000386,O00153,B0087,2,22000,44000
I000387,O00153,B0179,1,33000,33000
I000388,O00154,B0115,1,9000,9000
I000389,O00154,B0141,1,13000,13000
I000390,O00155,B0127,3,16000,48000
I000391,O00155,B0126,1,28000,28000
I000392,O00155,B0198,1,38000,38000
I000393,O00155,B0003,1,29000,29000
I000394,O00156,B0131,1,16000,16000
I000395,O00157,B0043,3,44000,132000
I000396,O00157,B0015,2,23000,46000
I000397,O00157,B0026,2,18000,36000
I000398,O00157,B0126,1,28000,28000
I000399,O00158,B0121,3,15000,45000
I000400,O00158,B0123,1,41000,41000
I000401,O00158,B0022,2,22000,44000
I000402,O00159,B0019,1,26000,26000
I000403,O00159,B0044,3,10000,30000
I000404,O00159,B0178,1,11000,11000
I000405,O00160,B0077,3,14000,42000
I000406,O00160,B0148,1,19000,19000
I000407,O00160,B0196,2,19000,38000
I000408,O00160,B0105,3,34000,102000
I000409,O00161,B0020,1,34000,34000
I000410,O00161,B0012,1,44000,44000
I000411,O00161,B0170,1,34000,34000
I000412,O00161,B0054,1,18000,18000
I000413,O00162,B0021,3,18000,54000
I000414,O00162,B0046,1,37000,37000
I000415,O00162,B0159,1,17000,17000
I000416,O00163,B0065,3,25000,75000
I000417,O00164,B0108,1,31000,31000
I000418,O00164,B0148,1,19000,19000
I000419,O00165,B0065,1,25000,25000
I000420,O00166,B0093,2,15000,30000
I000421,O00167,B0198,1,38000,38000
I000422,O00167,B0145,2,40000,80000
I000423,O00168,B0010,1,12000,12000
I000424,O00168,B0144,1,19000,19000
I000425,O00168,B0134,2,29000,58000
I000426,O00168,B0064,1,18000,18000
I000427,O00169,B0138,1,40000,40000
I000428,O00169,B0187,3,36000,108000
I000429,O00169,B0013,2,19000,38000
I000430,O00170,B0190,2,37000,74000
I000431,O00170,B0130,3,37000,111000
I000432,O00171,B0039,1,30000,30000
I000433,O00171,B0068,2,36000,72000
I000434,O00172,B0123,1,41000,41000
I000435,O00172,B0021,1,18000,18000
I000436,O00172,B0148,3,19000,57000
I000437,O00173,B0022,1,22000,22000
I000438,O00173,B0085,2,39000,78000
I000439,O00173,B0037,1,20000,20000
I000440,O00173,B0190,1,37000,37000
I000441,O00174,B0114,3,36000,108000
I000442,O00174,B0146,3,24000,72000
I000443,O00175,B0170,1,34000,34000
I000444,O00176,B0034,1,44000,44000
I000445,O00176,B0032,3,33000,99000
I000446,O00176,B0066,1,30000,30000
I000447,O00176,B0174,3,31000,93000
I000448,O00177,B0186,1,35000,35000
I000449,O00178,B0157,3,37000,111000
I000450,O00178,B0022,1,22000,22000
I000451,O00178,B0043,1,44000,44000
I000452,O00178,B0132,1,34000,34000
I000453,O00179,B0018,3,25000,75000
I000454,O00179,B0176,1,38000,38000
I000455,O00180,B0051,2,9000,18000
I000456,O00180,B0057,1,42000,42000
I000457,O00181,B0008,1,36000,36000
I000458,O00181,B0006,1,16000,16000
I000459,O00181,B0145,1,40000,40000
I000460,O00182,B0142,2,43000,86000
I000461,O00182,B0185,3,13000,39000
I000462,O00183,B0008,1,36000,36000
I000463,O00183,B0029,1,16000,16000
I000464,O00183,B0139,2,20000,40000
I000465,O00183,B0072,1,29000,29000
I000466,O00184,B0019,1,26000,26000
I000467,O00184,B0145,3,40000,120000
I000468,O00184,B0189,2,38000,76000
I000469,O00184,B0056,1,15000,15000
I000470,O00185,B0155,3,41000,123000
I000471,O00185,B0023,1,14000,14000
I000472,O00185,B0066,1,30000,30000
I000473,O00186,B0038,2,32000,64000
I000474,O00186,B0133,1,9000,9000
I000475,O00187,B0134,1,29000,29000
I000476,O00187,B0124,3,19000,57000
I000477,O00187,B0198,1,38000,38000
I000478,O00188,B0133,2,9000,18000
I000479,O00188,B0174,1,31000,31000
I000480,O00189,B0123,1,41000,41000
I000481,O00189,B0009,1,24000,24000
I000482,O00189,B0039,1,30000,30000
I000483,O00190,B0114,1,36000,36000
I000484,O00190,B0089,1,44000,44000
I000485,O00190,B0172,1,42000,42000
I000486,O00191,B0032,3,33000,99000
I000487,O00191,B0045,1,27000,27000
I000488,O00191,B0071,1,42000,42000
I000489,O00192,B0149,1,44000,44000
I000490,O00192,B0141,3,13000,39000
I000491,O00192,B0063,1,28000,28000
I000492,O00192,B0037,1,20000,20000
I000493,O00193,B0156,1,35000,35000
I000494,O00193,B0029,1,16000,16000
I000495,O00193,B0067,1,35000,35000
I000496,O00194,B0025,1,41000,41000
I000497,O00194,B0161,1,30000,30000
I000498,O00194,B0049,1,36000,36000
I000499,O00195,B0068,3,36000,108000
I000500,O00195,B0157,3,37000,111000
I000501,O00195,B0008,2,36000,72000
I000502,O00196,B0003,1,29000,29000
I000503,O00196,B0001,1,13000,13000
I000504,O00197,B0124,3,19000,57000
I000505,O00198,B0155,1,41000,41000
I000506,O00198,B0118,1,26000,26000
I000507,O00198,B0040,1,17000,17000
I000508,O00199,B0058,2,33000,66000
I000509,O00200,B0091,2,35000,70000
I000510,O00200,B0177,1,24000,24000
I000511,O00200,B0116,1,44000,44000
I000512,O00201,B0189,1,38000,38000
I000513,O00202,B0163,1,29000,29000
I000514,O00203,B0189,1,38000,38000
I000515,O00203,B0158,1,26000,26000
I000516,O00203,B0146,3,24000,72000
I000517,O00203,B0102,1,39000,39000
I000518,O00204,B0147,1,43000,43000
I000519,O00204,B0131,1,16000,16000
I000520,O00205,B0109,2,11000,22000
I000521,O00206,B0175,1,12000,12000
I000522,O00206,B0157,3,37000,111000
I000523,O00206,B0095,1,9000,9000
I000524,O00206,B0153,2,20000,40000
I000525,O00207,B0167,3,24000,72000
I000526,O00207,B0193,2,26000,52000
I000527,O00208,B0030,1,9000,9000
I000528,O00208,B0073,1,11000,11000
I000529,O00208,B0194,1,21000,21000
I000530,O00208,B0006,2,16000,32000
I000531,O00209,B0092,3,18000,54000
I000532,O00209,B0060,1,37000,37000
I000533,O00210,B0070,1,26000,26000
I000534,O00210,B0178,1,11000,11000
I000535,O00210,B0180,2,29000,58000
I000536,O00210,B0063,1,28000,28000
I000537,O00211,B0038,3,32000,96000
I000538,O00211,B0141,1,13000,13000
I000539,O00211,B0099,3,18000,54000
I000540,O00211,B0126,3,28000,84000
I000541,O00212,B0194,3,21000,63000
I000542,O00213,B0165,1,36000,36000
I000543,O00213,B0123,1,41000,41000
I000544,O00213,B0148,1,19000,19000
I000545,O00214,B0048,1,11000,11000
I000546,O00214,B0110,1,15000,15000
I000547,O00214,B0051,3,9000,27000
I000548,O00215,B0174,3,31000,93000
I000549,O00215,B0134,1,29000,29000
I000550,O00216,B0064,1,18000,18000
I000551,O00216,B0035,1,31000,31000
I000552,O00217,B0053,1,9000,9000
I000553,O00217,B0136,2,41000,82000
I000554,O00218,B0060,1,37000,37000
I000555,O00218,B0103,1,13000,13000
I000556,O00218,B0061,1,32000,32000
I000557,O00218,B0160,1,33000,33000
I000558,O00219,B0151,1,12000,12000
I000559,O00219,B0124,1,19000,19000
I000560,O00219,B0129,3,38000,114000
I000561,O00219,B0063,2,28000,56000
I000562,O00220,B0127,2,16000,32000
I000563,O00220,B0053,3,9000,27000
I000564,O00220,B0153,1,20000,20000
I000565,O00221,B0177,2,24000,48000
I000566,O00221,B0053,1,9000,9000
I000567,O00222,B0200,2,44000,88000
I000568,O00223,B0146,3,24000,72000
I000569,O00223,B0009,1,24000,24000
I000570,O00223,B0149,1,44000,44000
I000571,O00224,B0122,1,12000,12000
I000572,O00224,B0188,2,33000,66000
I000573,O00225,B0014,2,29000,58000
I000574,O00226,B0014,1,29000,29000
I000575,O00227,B0128,1,30000,30000
I000576,O00227,B0017,1,17000,17000
I000577,O00228,B0084,1,31000,31000
I000578,O00229,B0142,1,43000,43000
I000579,O00229,B0017,3,17000,51000
I000580,O00229,B0057,1,42000,42000
I000581,O00230,B0139,1,20000,20000
I000582,O00231,B0085,1,39000,39000
I000583,O00231,B0125,1,37000,37000
I000584,O00231,B0011,3,9000,27000
I000585,O00231,B0130,2,37000,74000
I000586,O00232,B0071,1,42000,42000
I000587,O00232,B0053,1,9000,9000
I000588,O00232,B0022,1,22000,22000
I000589,O00233,B0135,2,27000,54000
I000590,O00234,B0164,1,31000,31000
I000591,O00234,B0085,2,39000,78000
I000592,O00235,B0053,1,9000,9000
I000593,O00235,B0085,1,39000,39000
I000594,O00236,B0016,1,19000,19000
I000595,O00236,B0154,1,28000,28000
I000596,O00236,B0156,1,35000,35000
I000597,O00237,B0069,1,25000,25000
I000598,O00238,B0036,3,28000,84000
I000599,O00238,B0094,1,29000,29000
I000600,O00239,B0198,2,38000,76000
I000601,O00239,B0197,2,28000,56000
I000602,O00240,B0132,3,34000,102000
I000603,O00240,B0184,1,41000,41000
I000604,O00240,B0166,1,43000,43000
I000605,O00240,B0143,1,24000,24000
I000606,O00241,B0101,1,31000,31000
I000607,O00241,B0062,1,26000,26000
I000608,O00242,B0189,2,38000,76000
I000609,O00242,B0022,1,22000,22000
I000610,O00242,B0171,1,35000,35000
I000611,O00243,B0106,1,21000,21000
I000612,O00244,B0180,2,29000,58000
I000613,O00244,B0030,3,9000,27000
I000614,O00244,B0002,1,13000,13000
I000615,O00244,B0156,1,35000,35000
I000616,O00245,B0067,3,35000,105000
I000617,O00246,B0006,1,16000,16000
I000618,O00246,B0183,1,22000,22000
I000619,O00246,B0108,1,31000,31000
I000620,O00246,B0159,2,17000,34000
I000621,O00247,B0121,2,15000,30000
I000622,O00247,B0037,1,20000,20000
I000623,O00247,B0162,2,27000,54000
I000624,O00248,B0195,2,14000,28000
I000625,O00248,B0001,1,13000,13000
I000626,O00248,B0059,1,20000,20000
I000627,O00248,B0050,1,17000,17000
I000628,O00249,B0189,1,38000,38000
I000629,O00249,B0120,1,38000,38000
I000630,O00249,B0156,1,35000,35000
I000631,O00250,B0059,1,20000,20000
I000632,O00250,B0156,1,35000,35000
I000633,O00250,B0042,2,22000,44000
I000634,O00251,B0159,1,17000,17000
I000635,O00252,B0053,3,9000,27000
I000636,O00252,B0008,2,36000,72000
I000637,O00252,B0179,2,33000,66000
I000638,O00252,B0100,2,15000,30000
I000639,O00253,B0183,3,22000,66000
I000640,O00253,B0089,3,44000,132000
I000641,O00253,B0146,2,24000,48000
I000642,O00253,B0143,1,24000,24000
I000643,O00254,B0142,1,43000,43000
I000644,O00254,B0080,3,16000,48000
I000645,O00254,B0141,1,13000,13000
I000646,O00255,B0112,2,33000,66000
I000647,O00255,B0011,1,9000,9000
I000648,O00256,B0067,1,35000,35000
I000649,O00257,B0106,1,21000,21000
I000650,O00257,B0129,3,38000,114000
I000651,O00258,B0091,2,35000,70000
I000652,O00258,B0032,1,33000,33000
I000653,O00258,B0080,2,16000,32000
I000654,O00258,B0025,3,41000,123000
I000655,O00259,B0003,1,29000,29000
I000656,O00259,B0070,2,26000,52000
I000657,O00260,B0153,3,20000,60000
I000658,O00261,B0022,1,22000,22000
I000659,O00261,B0199,3,33000,99000
I000660,O00262,B0009,1,24000,24000
I000661,O00262,B0155,2,41000,82000
I000662,O00262,B0130,2,37000,74000
I000663,O00263,B0024,2,36000,72000
I000664,O00263,B0102,1,39000,39000
I000665,O00264,B0055,3,14000,42000
I000666,O00265,B0134,3,29000,87000
I000667,O00265,B0129,2,38000,76000
I000668,O00265,B0028,1,36000,36000
I000669,O00265,B0079,1,25000,25000
I000670,O00266,B0102,1,39000,39000
I000671,O00266,B0137,1,18000,18000
I000672,O00266,B0013,2,19000,38000
I000673,O00266,B0055,1,14000,14000
I000674,O00267,B0083,1,20000,20000
I000675,O00268,B0148,3,19000,57000
I000676,O00268,B0002,3,13000,39000
I000677,O00268,B0196,1,19000,19000
I000678,O00268,B0197,3,28000,84000
I000679,O00269,B0139,2,20000,40000
I000680,O00269,B0097,2,38000,76000
I000681,O00269,B0001,1,13000,13000
I000682,O00269,B0122,3,12000,36000
I000683,O00270,B0031,1,15000,15000
I000684,O00271,B0019,2,26000,52000
I000685,O00271,B0085,1,39000,39000
I000686,O00272,B0119,1,36000,36000
I000687,O00272,B0173,1,31000,31000
I000688,O00272,B0154,1,28000,28000
I000689,O00272,B0172,1,42000,42000
I000690,O00273,B0139,1,20000,20000
I000691,O00273,B0053,2,9000,18000
I000692,O00273,B0035,1,31000,31000
I000693,O00274,B0102,2,39000,78000
I000694,O00274,B0087,2,22000,44000
I000695,O00274,B0051,1,9000,9000
I000696,O00275,B0147,1,43000,43000
I000697,O00275,B0073,1,11000,11000
I000698,O00275,B0040,3,17000,51000
I000699,O00275,B0023,3,14000,42000
I000700,O00276,B0017,2,17000,34000
I000701,O00276,B0161,1,30000,30000
I000702,O00276,B0001,1,13000,13000
I000703,O00276,B0114,3,36000,108000
I000704,O00277,B0118,1,26000,26000
I000705,O00277,B0074,1,34000,34000
I000706,O00278,B0119,1,36000,36000
I000707,O00278,B0061,1,32000,32000
I000708,O00278,B0177,1,24000,24000
I000709,O00279,B0102,3,39000,117000
I000710,O00279,B0152,1,37000,37000
I000711,O00279,B0158,3,26000,78000
I000712,O00279,B0089,1,44000,44000
I000713,O00280,B0038,3,32000,96000
I000714,O00280,B0149,1,44000,44000
I000715,O00280,B0050,3,17000,51000
I000716,O00280,B0004,2,37000,74000
I000717,O00281,B0166,1,43000,43000
I000718,O00281,B0100,1,15000,15000
I000719,O00281,B0039,3,30000,90000
I000720,O00282,B0126,3,28000,84000
I000721,O00283,B0080,1,16000,16000
I000722,O00283,B0031,2,15000,30000
I000723,O00284,B0110,1,15000,15000
I000724,O00285,B0190,1,37000,37000
I000725,O00285,B0001,1,13000,13000
I000726,O00285,B0180,1,29000,29000
I000727,O00286,B0149,1,44000,44000
I000728,O00286,B0189,1,38000,38000
I000729,O00286,B0053,1,9000,9000
I000730,O00287,B0007,2,42000,84000
I000731,O00287,B0025,2,41000,82000
I000732,O00288,B0194,1,21000,21000
I000733,O00288,B0017,3,17000,51000
I000734,O00288,B0096,3,34000,102000
I000735,O00289,B0185,1,13000,13000
I000736,O00289,B0100,2,15000,30000
I000737,O00290,B0100,3,15000,45000
I000738,O00290,B0014,2,29000,58000
I000739,O00291,B0198,1,38000,38000
I000740,O00292,B0171,1,35000,35000
I000741,O00292,B0025,2,41000,82000
I000742,O00293,B0004,3,37000,111000
I000743,O00293,B0104,1,40000,40000
I000744,O00293,B0098,1,26000,26000
I000745,O00293,B0108,2,31000,62000
I000746,O00294,B0154,1,28000,28000
I000747,O00294,B0137,1,18000,18000
I000748,O00294,B0128,2,30000,60000
I000749,O00294,B0097,1,38000,38000
I000750,O00295,B0200,1,44000,44000
I000751,O00296,B0045,1,27000,27000
I000752,O00296,B0037,1,20000,20000
I000753,O00296,B0101,3,31000,93000
I000754,O00296,B0069,1,25000,25000
I000755,O00297,B0045,1,27000,27000
I000756,O00297,B0108,1,31000,31000
I000757,O00297,B0012,3,44000,132000
I000758,O00297,B0184,1,41000,41000
I000759,O00298,B0057,1,42000,42000
I000760,O00298,B0040,3,17000,51000
I000761,O00298,B0152,1,37000,37000
I000762,O00299,B0124,1,19000,19000
I000763,O00299,B0122,2,12000,24000
I000764,O00299,B0105,1,34000,34000
I000765,O00299,B0054,1,18000,18000
I000766,O00300,B0179,1,33000,33000
I000767,O00301,B0034,1,44000,44000
I000768,O00301,B0078,3,16000,48000
I000769,O00301,B0004,2,37000,74000
I000770,O00302,B0030,3,9000,27000
I000771,O00302,B0075,3,18000,54000
I000772,O00302,B0172,1,42000,42000
I000773,O00302,B0068,3,36000,108000
I000774,O00303,B0066,1,30000,30000
I000775,O00303,B0057,1,42000,42000
I000776,O00303,B0085,1,39000,39000
I000777,O00304,B0167,3,24000,72000
I000778,O00304,B0072,1,29000,29000
I000779,O00304,B0107,1,31000,31000
I000780,O00304,B0112,1,33000,33000
I000781,O00305,B0191,1,19000,19000
I000782,O00306,B0099,1,18000,18000
I000783,O00306,B0051,2,9000,18000
I000784,O00307,B0015,3,23000,69000
I000785,O00308,B0159,1,17000,17000
I000786,O00308,B0067,1,35000,35000
I000787,O00309,B0049,1,36000,36000
I000788,O00309,B0081,1,31000,31000
I000789,O00309,B0085,2,39000,78000
I000790,O00309,B0145,1,40000,40000
I000791,O00310,B0068,1,36000,36000
I000792,O00310,B0153,1,20000,20000
I000793,O00311,B0144,1,19000,19000
I000794,O00311,B0059,1,20000,20000
I000795,O00311,B0187,1,36000,36000
I000796,O00311,B0199,1,33000,33000
I000797,O00312,B0155,1,41000,41000
I000798,O00312,B0151,3,12000,36000
I000799,O00313,B0134,2,29000,58000
I000800,O00313,B0141,3,13000,39000
I000801,O00313,B0151,1,12000,12000
I000802,O00314,B0110,1,15000,15000
I000803,O00314,B0116,3,44000,132000
I000804,O00314,B0094,3,29000,87000
I000805,O00315,B0004,1,37000,37000
I000806,O00315,B0002,1,13000,13000
I000807,O00315,B0116,1,44000,44000
I000808,O00315,B0143,1,24000,24000
I000809,O00316,B0173,1,31000,31000
I000810,O00316,B0189,1,38000,38000
I000811,O00317,B0100,1,15000,15000
I000812,O00318,B0152,3,37000,111000
I000813,O00318,B0159,1,17000,17000
I000814,O00319,B0190,3,37000,111000
I000815,O00319,B0055,1,14000,14000
I000816,O00319,B0082,1,23000,23000
I000817,O00320,B0060,1,37000,37000
I000818,O00320,B0135,1,27000,27000
I000819,O00321,B0148,2,19000,38000
I000820,O00322,B0022,1,22000,22000
I000821,O00322,B0071,2,42000,84000
I000822,O00322,B0041,3,27000,81000
I000823,O00323,B0096,3,34000,102000
I000824,O00324,B0006,1,16000,16000
I000825,O00325,B0024,3,36000,108000
I000826,O00325,B0136,2,41000,82000
I000827,O00326,B0194,3,21000,63000
I000828,O00327,B0122,3,12000,36000
I000829,O00327,B0150,1,15000,15000
I000830,O00328,B0147,1,43000,43000
I000831,O00328,B0181,1,30000,30000
I000832,O00328,B0008,1,36000,36000
I000833,O00328,B0193,1,26000,26000
I000834,O00329,B0184,2,41000,82000
I000835,O00329,B0150,1,15000,15000
I000836,O00329,B0177,2,24000,48000
I000837,O00330,B0179,3,33000,99000
I000838,O00330,B0032,1,33000,33000
I000839,O00330,B0101,2,31000,62000
I000840,O00330,B0160,1,33000,33000
I000841,O00331,B0153,1,20000,20000
I000842,O00332,B0096,1,34000,34000
I000843,O00332,B0195,1,14000,14000
I000844,O00332,B0045,2,27000,54000
I000845,O00333,B0093,2,15000,30000
I000846,O00334,B0167,2,24000,48000
I000847,O00334,B0166,1,43000,43000
I000848,O00334,B0129,1,38000,38000
I000849,O00334,B0184,1,41000,41000
I000850,O00335,B0058,2,33000,66000
I000851,O00335,B0191,1,19000,19000
I000852,O00336,B0021,1,18000,18000
I000853,O00336,B0019,1,26000,26000
I000854,O00336,B0194,2,21000,42000
I000855,O00337,B0150,2,15000,30000
I000856,O00337,B0012,1,44000,44000
I000857,O00337,B0135,3,27000,81000
I000858,O00337,B0044,1,10000,10000
I000859,O00338,B0033,3,40000,120000
I000860,O00338,B0080,1,16000,16000
I000861,O00338,B0139,2,20000,40000
I000862,O00338,B0150,1,15000,15000
I000863,O00339,B0144,1,19000,19000
I000864,O00339,B0039,2,30000,60000
I000865,O00339,B0114,2,36000,72000
I000866,O00340,B0003,1,29000,29000
I000867,O00341,B0081,1,31000,31000
I000868,O00342,B0074,3,34000,102000
I000869,O00342,B0043,1,44000,44000
I000870,O00342,B0165,1,36000,36000
I000871,O00343,B0109,1,11000,11000
I000872,O00343,B0119,3,36000,108000
I000873,O00343,B0059,1,20000,20000
I000874,O00344,B0130,2,37000,74000
I000875,O00344,B0138,3,40000,120000
I000876,O00344,B0173,1,31000,31000
I000877,O00344,B0034,1,44000,44000
I000878,O00345,B0169,1,24000,24000
I000879,O00345,B0191,3,19000,57000
I000880,O00346,B0033,3,40000,120000
I000881,O00346,B0139,2,20000,40000
I000882,O00346,B0042,1,22000,22000
I000883,O00346,B0133,3,9000,27000
I000884,O00347,B0169,1,24000,24000
I000885,O00347,B0057,1,42000,42000
I000886,O00347,B0190,1,37000,37000
I000887,O00347,B0086,1,21000,21000
I000888,O00348,B0188,3,33000,99000
I000889,O00349,B0153,1,20000,20000
I000890,O00349,B0121,2,15000,30000
I000891,O00349,B0159,1,17000,17000
I000892,O00350,B0005,2,9000,18000
I000893,O00350,B0063,2,28000,56000
I000894,O00351,B0194,1,21000,21000
I000895,O00351,B0073,1,11000,11000
I000896,O00351,B0159,1,17000,17000
I000897,O00351,B0089,1,44000,44000
I000898,O00352,B0063,1,28000,28000
I000899,O00353,B0138,1,40000,40000
I000900,O00353,B0004,1,37000,37000
I000901,O00354,B0148,1,19000,19000
I000902,O00355,B0115,2,9000,18000
I000903,O00355,B0112,2,33000,66000
I000904,O00355,B0088,2,43000,86000
I000905,O00355,B0020,3,34000,102000
I000906,O00356,B0017,2,17000,34000
I000907,O00356,B0134,1,29000,29000
I000908,O00356,B0067,2,35000,70000
I000909,O00357,B0168,2,27000,54000
I000910,O00358,B0115,3,9000,27000
I000911,O00359,B0126,2,28000,56000
I000912,O00359,B0070,1,26000,26000
I000913,O00360,B0166,1,43000,43000
I000914,O00360,B0105,2,34000,68000
I000915,O00360,B0131,2,16000,32000
I000916,O00360,B0048,3,11000,33000
I000917,O00361,B0033,1,40000,40000
I000918,O00361,B0056,1,15000,15000
I000919,O00361,B0031,1,15000,15000
I000920,O00362,B0165,2,36000,72000
I000921,O00362,B0085,2,39000,78000
I000922,O00362,B0121,2,15000,30000
I000923,O00362,B0066,1,30000,30000
I000924,O00363,B0104,3,40000,120000
I000925,O00363,B0068,1,36000,36000
I000926,O00363,B0170,1,34000,34000
I000927,O00364,B0049,3,36000,108000
I000928,O00364,B0167,1,24000,24000
I000929,O00364,B0091,1,35000,35000
I000930,O00365,B0042,1,22000,22000
I000931,O00365,B0032,1,33000,33000
I000932,O00365,B0079,1,25000,25000
I000933,O00365,B0180,2,29000,58000
I000934,O00366,B0091,3,35000,105000
I000935,O00366,B0041,1,27000,27000
I000936,O00366,B0083,3,20000,60000
I000937,O00366,B0048,1,11000,11000
I000938,O00367,B0010,1,12000,12000
I000939,O00367,B0163,2,29000,58000
I000940,O00368,B0116,1,44000,44000
I000941,O00368,B0141,1,13000,13000
I000942,O00368,B0075,3,18000,54000
I000943,O00368,B0063,1,28000,28000
I000944,O00369,B0191,1,19000,19000
I000945,O00370,B0071,2,42000,84000
I000946,O00370,B0174,3,31000,93000
I000947,O00371,B0151,3,12000,36000
I000948,O00371,B0107,1,31000,31000
I000949,O00371,B0109,1,11000,11000
I000950,O00371,B0004,1,37000,37000
I000951,O00372,B0060,2,37000,74000
I000952,O00372,B0068,2,36000,72000
I000953,O00373,B0128,2,30000,60000
I000954,O00374,B0172,3,42000,126000
I000955,O00374,B0027,1,39000,39000
I000956,O00374,B0185,2,13000,26000
I000957,O00374,B0139,2,20000,40000
I000958,O00375,B0020,1,34000,34000
I000959,O00375,B0091,3,35000,105000
I000960,O00375,B0148,1,19000,19000
I000961,O00376,B0043,1,44000,44000
I000962,O00376,B0180,1,29000,29000
I000963,O00376,B0023,1,14000,14000
I000964,O00377,B0025,1,41000,41000
I000965,O00378,B0060,1,37000,37000
I000966,O00378,B0197,2,28000,56000
I000967,O00379,B0035,2,31000,62000
I000968,O00379,B0181,1,30000,30000
I000969,O00380,B0031,2,15000,30000
I000970,O00380,B0068,1,36000,36000
I000971,O00381,B0141,2,13000,26000
I000972,O00381,B0170,1,34000,34000
I000973,O00381,B0037,1,20000,20000
I000974,O00381,B0084,1,31000,31000
I000975,O00382,B0052,1,35000,35000
I000976,O00382,B0105,1,34000,34000
I000977,O00383,B0022,1,22000,22000
I000978,O00383,B0017,3,17000,51000
I000979,O00384,B0128,1,30000,30000
I000980,O00385,B0035,1,31000,31000
I000981,O00385,B0042,1,22000,22000
I000982,O00385,B0098,3,26000,78000
I000983,O00385,B0084,1,31000,31000
I000984,O00386,B0067,2,35000,70000
I000985,O00387,B0181,2,30000,60000
I000986,O00387,B0014,1,29000,29000
I000987,O00388,B0173,1,31000,31000
I000988,O00388,B0122,1,12000,12000
I000989,O00389,B0167,1,24000,24000
I000990,O00389,B0197,1,28000,28000
I000991,O00390,B0113,2,40000,80000
I000992,O00390,B0016,1,19000,19000
I000993,O00390,B0118,3,26000,78000
I000994,O00390,B0149,1,44000,44000
I000995,O00391,B0164,2,31000,62000
I000996,O00391,B0048,1,11000,11000
I000997,O00391,B0067,1,35000,35000
I000998,O00392,B0146,1,24000,24000
I000999,O00392,B0009,1,24000,24000
I001000,O00393,B0103,1,13000,13000
I001001,O00393,B0019,3,26000,78000
I001002,O00393,B0153,1,20000,20000
I001003,O00393,B0108,3,31000,93000
I001004,O00394,B0122,1,12000,12000
I001005,O00395,B0073,1,11000,11000
I001006,O00395,B0008,3,36000,108000
I001007,O00395,B0147,1,43000,43000
I001008,O00396,B0161,1,30000,30000
I001009,O00397,B0093,1,15000,15000
I001010,O00398,B0054,2,18000,36000
I001011,O00398,B0161,2,30000,60000
I001012,O00398,B0096,3,34000,102000
I001013,O00398,B0100,1,15000,15000
I001014,O00399,B0171,1,35000,35000
I001015,O00399,B0085,1,39000,39000
I001016,O00400,B0111,2,19000,38000
I001017,O00400,B0145,1,40000,40000
I001018,O00400,B0183,1,22000,22000
I001019,O00401,B0121,1,15000,15000
I001020,O00401,B0114,1,36000,36000
I001021,O00401,B0140,2,28000,56000
I001022,O00402,B0066,1,30000,30000
I001023,O00403,B0094,1,29000,29000
I001024,O00403,B0095,1,9000,9000
I001025,O00403,B0060,3,37000,111000
I001026,O00404,B0023,2,14000,28000
I001027,O00404,B0045,1,27000,27000
I001028,O00405,B0129,1,38000,38000
I001029,O00405,B0080,1,16000,16000
I001030,O00405,B0019,1,26000,26000
I001031,O00406,B0094,1,29000,29000
I001032,O00406,B0102,1,39000,39000
I001033,O00406,B0072,3,29000,87000
I001034,O00407,B0053,1,9000,9000
I001035,O00407,B0165,3,36000,108000
I001036,O00407,B0146,3,24000,72000
I001037,O00408,B0083,1,20000,20000
I001038,O00408,B0176,1,38000,38000
I001039,O00409,B0156,1,35000,35000
I001040,O00409,B0046,2,37000,74000
I001041,O00410,B0196,1,19000,19000
I001042,O00410,B0056,3,15000,45000
I001043,O00410,B0136,3,41000,123000
I001044,O00410,B0146,2,24000,48000
I001045,O00411,B0077,1,14000,14000
I001046,O00412,B0022,1,22000,22000
I001047,O00412,B0187,3,36000,108000
I001048,O00412,B0080,1,16000,16000
I001049,O00412,B0084,3,31000,93000
I001050,O00413,B0078,1,16000,16000
I001051,O00413,B0047,1,42000,42000
I001052,O00413,B0009,3,24000,72000
I001053,O00413,B0108,1,31000,31000
I001054,O00414,B0120,1,38000,38000
I001055,O00414,B0131,2,16000,32000
I001056,O00415,B0181,2,30000,60000
I001057,O00415,B0094,3,29000,87000
I001058,O00415,B0158,3,26000,78000
I001059,O00415,B0046,1,37000,37000
I001060,O00416,B0039,3,30000,90000
I001061,O00416,B0070,1,26000,26000
I001062,O00416,B0144,2,19000,38000
I001063,O00417,B0154,1,28000,28000
I001064,O00417,B0056,2,15000,30000
I001065,O00417,B0169,1,24000,24000
I001066,O00418,B0002,1,13000,13000
I001067,O00418,B0017,3,17000,51000
I001068,O00419,B0157,1,37000,37000
I001069,O00419,B0200,2,44000,88000
I001070,O00420,B0189,2,38000,76000
I001071,O00421,B0040,3,17000,51000
I001072,O00421,B0129,3,38000,114000
I001073,O00421,B0196,1,19000,19000
I001074,O00422,B0190,2,37000,74000
I001075,O00422,B0198,1,38000,38000
I001076,O00422,B0009,1,24000,24000
I001077,O00422,B0145,1,40000,40000
I001078,O00423,B0135,2,27000,54000
I001079,O00423,B0082,1,23000,23000
I001080,O00424,B0135,3,27000,81000
I001081,O00425,B0091,1,35000,35000
I001082,O00425,B0160,2,33000,66000
I001083,O00425,B0194,1,21000,21000
I001084,O00426,B0181,1,30000,30000
I001085,O00426,B0070,3,26000,78000
I001086,O00427,B0081,1,31000,31000
I001087,O00428,B0168,2,27000,54000
I001088,O00428,B0087,1,22000,22000
I001089,O00428,B0011,1,9000,9000
I001090,O00428,B0102,1,39000,39000
I001091,O00429,B0134,1,29000,29000
I001092,O00430,B0017,1,17000,17000
I001093,O00430,B0013,1,19000,19000
I001094,O00430,B0026,1,18000,18000
I001095,O00430,B0138,1,40000,40000
I001096,O00431,B0171,1,35000,35000
I001097,O00431,B0025,1,41000,41000
I001098,O00431,B0199,2,33000,66000
I001099,O00432,B0185,1,13000,13000
I001100,O00432,B0037,3,20000,60000
I001101,O00433,B0195,1,14000,14000
I001102,O00434,B0065,1,25000,25000
I001103,O00434,B0080,3,16000,48000
I001104,O00434,B0007,3,42000,126000
I001105,O00434,B0120,1,38000,38000
I001106,O00435,B0132,1,34000,34000
I001107,O00435,B0064,2,18000,36000
I001108,O00435,B0177,1,24000,24000
I001109,O00436,B0182,1,17000,17000
I001110,O00436,B0063,3,28000,84000
I001111,O00436,B0032,2,33000,66000
I001112,O00436,B0054,3,18000,54000
I001113,O00437,B0003,2,29000,58000
I001114,O00438,B0042,1,22000,22000
I001115,O00438,B0178,1,11000,11000
I001116,O00438,B0032,2,33000,66000
I001117,O00439,B0059,1,20000,20000
I001118,O00440,B0075,3,18000,54000
I001119,O00440,B0158,2,26000,52000
I001120,O00440,B0180,1,29000,29000
I001121,O00441,B0103,1,13000,13000
I001122,O00441,B0067,2,35000,70000
I001123,O00441,B0199,1,33000,33000
I001124,O00442,B0168,1,27000,27000
I001125,O00442,B0116,1,44000,44000
I001126,O00442,B0163,3,29000,87000
I001127,O00443,B0072,1,29000,29000
I001128,O00444,B0063,1,28000,28000
I001129,O00445,B0015,2,23000,46000
I001130,O00445,B0139,1,20000,20000
I001131,O00445,B0113,1,40000,40000
I001132,O00445,B0044,1,10000,10000
I001133,O00446,B0178,2,11000,22000
I001134,O00447,B0157,1,37000,37000
I001135,O00447,B0163,1,29000,29000
I001136,O00448,B0159,1,17000,17000
I001137,O00448,B0116,2,44000,88000
I001138,O00448,B0088,3,43000,129000
I001139,O00449,B0071,2,42000,84000
I001140,O00449,B0094,1,29000,29000
I001141,O00449,B0030,3,9000,27000
I001142,O00450,B0176,3,38000,114000
I001143,O00450,B0081,1,31000,31000
I001144,O00450,B0088,2,43000,86000
I001145,O00451,B0176,2,38000,76000
I001146,O00452,B0187,2,36000,72000
I001147,O00452,B0098,1,26000,26000
I001148,O00453,B0148,1,19000,19000
I001149,O00453,B0172,1,42000,42000
I001150,O00454,B0113,1,40000,40000
I001151,O00455,B0001,1,13000,13000
I001152,O00455,B0133,1,9000,9000
I001153,O00455,B0191,3,19000,57000
I001154,O00455,B0005,1,9000,9000
I001155,O00456,B0080,2,16000,32000
I001156,O00456,B0129,1,38000,38000
I001157,O00456,B0073,3,11000,33000
I001158,O00456,B0084,2,31000,62000
I001159,O00457,B0172,3,42000,126000
I001160,O00457,B0025,1,41000,41000
I001161,O00458,B0193,3,26000,78000
I001162,O00458,B0132,1,34000,34000
I001163,O00459,B0056,2,15000,30000
I001164,O00459,B0173,1,31000,31000
I001165,O00459,B0172,3,42000,126000
I001166,O00459,B0127,2,16000,32000
I001167,O00460,B0086,1,21000,21000
I001168,O00461,B0058,2,33000,66000
I001169,O00461,B0080,3,16000,48000
I001170,O00462,B0103,3,13000,39000
I001171,O00462,B0128,2,30000,60000
I001172,O00462,B0148,1,19000,19000
I001173,O00463,B0055,1,14000,14000
I001174,O00463,B0119,1,36000,36000
I001175,O00464,B0179,2,33000,66000
I001176,O00464,B0199,2,33000,66000
I001177,O00464,B0066,1,30000,30000
I001178,O00465,B0047,1,42000,42000
I001179,O00465,B0072,2,29000,58000
I001180,O00465,B0143,1,24000,24000
I001181,O00465,B0013,3,19000,57000
I001182,O00466,B0131,1,16000,16000
I001183,O00466,B0178,1,11000,11000
I001184,O00466,B0099,1,18000,18000
I001185,O00466,B0022,3,22000,66000
I001186,O00467,B0081,2,31000,62000
I001187,O00467,B0030,1,9000,9000
I001188,O00467,B0174,1,31000,31000
I001189,O00468,B0126,1,28000,28000
I001190,O00468,B0053,1,9000,9000
I001191,O00468,B0069,1,25000,25000
I001192,O00468,B0027,1,39000,39000
I001193,O00469,B0046,1,37000,37000
I001194,O00470,B0041,3,27000,81000
I001195,O00470,B0154,1,28000,28000
I001196,O00471,B0078,1,16000,16000
I001197,O00471,B0116,2,44000,88000
I001198,O00471,B0052,1,35000,35000
I001199,O00471,B0122,1,12000,12000
I001200,O00472,B0101,1,31000,31000
I001201,O00472,B0083,2,20000,40000
I001202,O00472,B0069,1,25000,25000
I001203,O00472,B0087,1,22000,22000
I001204,O00473,B0052,1,35000,35000
I001205,O00473,B0098,1,26000,26000
I001206,O00474,B0192,3,40000,120000
I001207,O00474,B0059,3,20000,60000
I001208,O00475,B0174,3,31000,93000
I001209,O00476,B0188,1,33000,33000
I001210,O00476,B0008,1,36000,36000
I001211,O00477,B0041,2,27000,54000
I001212,O00477,B0078,1,16000,16000
I001213,O00477,B0025,1,41000,41000
I001214,O00478,B0105,3,34000,102000
I001215,O00478,B0162,2,27000,54000
I001216,O00478,B0031,3,15000,45000
I001217,O00479,B0071,1,42000,42000
I001218,O00479,B0169,2,24000,48000
I001219,O00479,B0167,1,24000,24000
I001220,O00480,B0140,1,28000,28000
I001221,O00480,B0057,2,42000,84000
I001222,O00481,B0179,1,33000,33000
I001223,O00481,B0138,1,40000,40000
I001224,O00481,B0154,1,28000,28000
I001225,O00481,B0188,1,33000,33000
I001226,O00482,B0177,2,24000,48000
I001227,O00482,B0185,2,13000,26000
I001228,O00482,B0048,1,11000,11000
I001229,O00483,B0169,1,24000,24000
I001230,O00483,B0003,3,29000,87000
I001231,O00484,B0073,2,11000,22000
I001232,O00484,B0179,1,33000,33000
I001233,O00484,B0010,1,12000,12000
I001234,O00484,B0022,3,22000,66000
I001235,O00485,B0108,1,31000,31000
I001236,O00485,B0122,1,12000,12000
I001237,O00485,B0051,1,9000,9000
I001238,O00486,B0046,1,37000,37000
I001239,O00486,B0195,2,14000,28000
I001240,O00486,B0016,3,19000,57000
I001241,O00487,B0139,2,20000,40000
I001242,O00487,B0048,2,11000,22000
I001243,O00487,B0184,1,41000,41000
I001244,O00487,B0148,1,19000,19000
I001245,O00488,B0155,2,41000,82000
I001246,O00488,B0098,1,26000,26000
I001247,O00489,B0039,1,30000,30000
I001248,O00490,B0057,1,42000,42000
I001249,O00490,B0084,3,31000,93000
I001250,O00491,B0073,1,11000,11000
I001251,O00491,B0024,2,36000,72000
I001252,O00491,B0191,2,19000,38000
I001253,O00491,B0199,2,33000,66000
I001254,O00492,B0040,1,17000,17000
I001255,O00492,B0195,1,14000,14000
I001256,O00492,B0173,1,31000,31000
I001257,O00492,B0198,2,38000,76000
I001258,O00493,B0050,1,17000,17000
I001259,O00494,B0112,1,33000,33000
I001260,O00494,B0041,1,27000,27000
I001261,O00494,B0082,1,23000,23000
I001262,O00494,B0107,1,31000,31000
I001263,O00495,B0086,2,21000,42000
I001264,O00495,B0160,1,33000,33000
I001265,O00496,B0057,1,42000,42000
I001266,O00497,B0008,3,36000,108000
I001267,O00497,B0131,2,16000,32000
I001268,O00498,B0013,1,19000,19000
I001269,O00499,B0104,1,40000,40000
I001270,O00499,B0133,1,9000,9000
I001271,O00500,B0023,2,14000,28000
I001272,O00500,B0172,3,42000,126000
I001273,O00500,B0111,2,19000,38000
I001274,O00500,B0036,2,28000,56000
I001275,O00501,B0170,3,34000,102000
I001276,O00501,B0112,1,33000,33000
I001277,O00502,B0114,1,36000,36000
I001278,O00502,B0079,1,25000,25000
I001279,O00503,B0058,2,33000,66000
I001280,O00504,B0078,2,16000,32000
I001281,O00505,B0095,1,9000,9000
I001282,O00505,B0034,1,44000,44000
I001283,O00505,B0158,1,26000,26000
I001284,O00506,B0183,3,22000,66000
I001285,O00506,B0145,1,40000,40000
I001286,O00507,B0195,1,14000,14000
I001287,O00507,B0154,1,28000,28000
I001288,O00508,B0020,1,34000,34000
I001289,O00508,B0059,1,20000,20000
I001290,O00508,B0155,1,41000,41000
I001291,O00508,B0060,1,37000,37000
I001292,O00509,B0144,2,19000,38000
I001293,O00510,B0033,1,40000,40000
I001294,O00510,B0062,3,26000,78000
I001295,O00511,B0090,2,33000,66000
I001296,O00511,B0068,1,36000,36000
I001297,O00512,B0038,3,32000,96000
I001298,O00512,B0117,1,25000,25000
I001299,O00513,B0193,2,26000,52000
I001300,O00513,B0072,1,29000,29000
I001301,O00513,B0050,1,17000,17000
I001302,O00513,B0079,3,25000,75000
I001303,O00514,B0150,1,15000,15000
I001304,O00515,B0131,1,16000,16000
I001305,O00515,B0146,1,24000,24000
I001306,O00515,B0163,1,29000,29000
I001307,O00515,B0066,1,30000,30000
I001308,O00516,B0145,1,40000,40000
I001309,O00516,B0150,1,15000,15000
I001310,O00516,B0134,2,29000,58000
I001311,O00516,B0046,3,37000,111000
I001312,O00517,B0028,1,36000,36000
I001313,O00517,B0108,1,31000,31000
I001314,O00518,B0001,1,13000,13000
I001315,O00518,B0054,2,18000,36000
I001316,O00518,B0145,1,40000,40000
I001317,O00519,B0118,2,26000,52000
I001318,O00519,B0152,3,37000,111000
I001319,O00519,B0031,1,15000,15000
I001320,O00519,B0115,1,9000,9000
I001321,O00520,B0129,1,38000,38000
I001322,O00520,B0077,1,14000,14000
I001323,O00520,B0167,2,24000,48000
I001324,O00521,B0087,3,22000,66000
I001325,O00521,B0198,1,38000,38000
I001326,O00522,B0164,1,31000,31000
I001327,O00523,B0106,3,21000,63000
I001328,O00523,B0015,2,23000,46000
I001329,O00523,B0109,2,11000,22000
I001330,O00524,B0132,3,34000,102000
I001331,O00524,B0172,1,42000,42000
I001332,O00525,B0070,3,26000,78000
I001333,O00525,B0042,1,22000,22000
I001334,O00526,B0042,1,22000,22000
I001335,O00527,B0165,1,36000,36000
I001336,O00527,B0199,1,33000,33000
I001337,O00527,B0091,1,35000,35000
I001338,O00527,B0157,2,37000,74000
I001339,O00528,B0008,1,36000,36000
I001340,O00528,B0095,1,9000,9000
I001341,O00528,B0192,1,40000,40000
I001342,O00529,B0039,3,30000,90000
I001343,O00529,B0055,3,14000,42000
I001344,O00529,B0030,1,9000,9000
I001345,O00530,B0189,1,38000,38000
I001346,O00530,B0198,2,38000,76000
I001347,O00531,B0054,3,18000,54000
I001348,O00531,B0072,1,29000,29000
I001349,O00531,B0055,2,14000,28000
I001350,O00532,B0048,2,11000,22000
I001351,O00532,B0014,3,29000,87000
I001352,O00533,B0048,1,11000,11000
I001353,O00533,B0088,3,43000,129000
I001354,O00533,B0054,1,18000,18000
I001355,O00533,B0118,1,26000,26000
I001356,O00534,B0100,1,15000,15000
I001357,O00535,B0108,2,31000,62000
I001358,O00535,B0192,1,40000,40000
I001359,O00535,B0039,1,30000,30000
I001360,O00535,B0043,2,44000,88000
I001361,O00536,B0171,1,35000,35000
I001362,O00537,B0028,1,36000,36000
I001363,O00537,B0045,1,27000,27000
I001364,O00537,B0108,1,31000,31000
I001365,O00538,B0043,1,44000,44000
I001366,O00538,B0129,1,38000,38000
I001367,O00538,B0167,1,24000,24000
I001368,O00539,B0090,2,33000,66000
I001369,O00539,B0006,1,16000,16000
I001370,O00540,B0134,2,29000,58000
I001371,O00540,B0058,3,33000,99000
I001372,O00540,B0191,2,19000,38000
I001373,O00541,B0160,1,33000,33000
I001374,O00541,B0106,1,21000,21000
I001375,O00542,B0151,1,12000,12000
I001376,O00542,B0066,1,30000,30000
I001377,O00542,B0186,1,35000,35000
I001378,O00542,B0037,1,20000,20000
I001379,O00543,B0032,1,33000,33000
I001380,O00543,B0009,1,24000,24000
I001381,O00543,B0192,2,40000,80000
I001382,O00543,B0128,1,30000,30000
I001383,O00544,B0123,1,41000,41000
I001384,O00544,B0188,2,33000,66000
I001385,O00544,B0122,2,12000,24000
I001386,O00545,B0171,3,35000,105000
I001387,O00545,B0178,3,11000,33000
I001388,O00545,B0176,1,38000,38000
I001389,O00545,B0030,2,9000,18000
I001390,O00546,B0174,1,31000,31000
I001391,O00546,B0041,3,27000,81000
I001392,O00546,B0073,1,11000,11000
I001393,O00546,B0101,3,31000,93000
I001394,O00547,B0153,2,20000,40000
I001395,O00547,B0070,1,26000,26000
I001396,O00547,B0161,3,30000,90000
I001397,O00547,B0043,1,44000,44000
I001398,O00548,B0087,1,22000,22000
I001399,O00548,B0119,1,36000,36000
I001400,O00549,B0010,3,12000,36000
I001401,O00550,B0069,1,25000,25000
I001402,O00550,B0057,1,42000,42000
I001403,O00550,B0025,2,41000,82000
I001404,O00551,B0200,1,44000,44000
I001405,O00551,B0130,2,37000,74000
I001406,O00552,B0132,1,34000,34000
I001407,O00552,B0185,3,13000,39000
I001408,O00553,B0009,1,24000,24000
I001409,O00554,B0196,1,19000,19000
I001410,O00554,B0132,1,34000,34000
I001411,O00555,B0130,1,37000,37000
I001412,O00555,B0045,1,27000,27000
I001413,O00555,B0037,1,20000,20000
I001414,O00555,B0082,1,23000,23000
I001415,O00556,B0094,1,29000,29000
I001416,O00557,B0057,3,42000,126000
I001417,O00557,B0098,1,26000,26000
I001418,O00558,B0060,1,37000,37000
I001419,O00558,B0087,1,22000,22000
I001420,O00559,B0007,1,42000,42000
I001421,O00559,B0079,2,25000,50000
I001422,O00560,B0098,3,26000,78000
I001423,O00560,B0109,1,11000,11000
I001424,O00560,B0101,1,31000,31000
I001425,O00561,B0086,1,21000,21000
I001426,O00562,B0075,2,18000,36000
I001427,O00562,B0164,1,31000,31000
I001428,O00562,B0017,1,17000,17000
I001429,O00563,B0050,1,17000,17000
I001430,O00563,B0095,1,9000,9000
I001431,O00563,B0062,1,26000,26000
I001432,O00563,B0105,1,34000,34000
I001433,O00564,B0105,1,34000,34000
I001434,O00564,B0133,3,9000,27000
I001435,O00564,B0151,1,12000,12000
I001436,O00565,B0174,1,31000,31000
I001437,O00565,B0083,1,20000,20000
I001438,O00565,B0071,1,42000,42000
I001439,O00565,B0181,1,30000,30000
I001440,O00566,B0157,1,37000,37000
I001441,O00566,B0039,2,30000,60000
I001442,O00566,B0026,1,18000,18000
I001443,O00566,B0108,1,31000,31000
I001444,O00567,B0031,3,15000,45000
I001445,O00567,B0007,3,42000,126000
I001446,O00567,B0124,1,19000,19000
I001447,O00567,B0118,1,26000,26000
I001448,O00568,B0055,1,14000,14000
I001449,O00569,B0140,3,28000,84000
I001450,O00569,B0090,1,33000,33000
I001451,O00569,B0143,3,24000,72000
I001452,O00569,B0111,1,19000,19000
I001453,O00570,B0154,1,28000,28000
I001454,O00570,B0067,1,35000,35000
I001455,O00570,B0108,1,31000,31000
I001456,O00570,B0037,3,20000,60000
I001457,O00571,B0111,1,19000,19000
I001458,O00571,B0132,1,34000,34000
I001459,O00571,B0081,1,31000,31000
I001460,O00572,B0182,1,17000,17000
I001461,O00572,B0056,1,15000,15000
I001462,O00572,B0011,1,9000,9000
I001463,O00573,B0068,1,36000,36000
I001464,O00574,B0115,1,9000,9000
I001465,O00574,B0059,3,20000,60000
I001466,O00574,B0169,1,24000,24000
I001467,O00575,B0160,1,33000,33000
I001468,O00575,B0024,1,36000,36000
I001469,O00575,B0042,1,22000,22000
I001470,O00576,B0007,2,42000,84000
I001471,O00576,B0095,1,9000,9000
I001472,O00577,B0119,1,36000,36000
I001473,O00577,B0168,1,27000,27000
I001474,O00577,B0114,3,36000,108000
I001475,O00577,B0177,2,24000,48000
I001476,O00578,B0006,1,16000,16000
I001477,O00578,B0113,3,40000,120000
I001478,O00579,B0187,1,36000,36000
I001479,O00580,B0200,1,44000,44000
I001480,O00580,B0010,1,12000,12000
I001481,O00580,B0047,1,42000,42000
I001482,O00580,B0058,1,33000,33000
I001483,O00581,B0172,1,42000,42000
I001484,O00581,B0002,3,13000,39000
I001485,O00582,B0139,1,20000,20000
I001486,O00582,B0124,2,19000,38000
I001487,O00583,B0061,3,32000,96000
I001488,O00584,B0089,3,44000,132000
I001489,O00585,B0025,1,41000,41000
I001490,O00585,B0160,1,33000,33000
I001491,O00585,B0050,1,17000,17000
I001492,O00586,B0184,1,41000,41000
I001493,O00586,B0170,1,34000,34000
I001494,O00586,B0100,1,15000,15000
I001495,O00587,B0036,2,28000,56000
I001496,O00587,B0112,3,33000,99000
I001497,O00588,B0099,1,18000,18000
I001498,O00588,B0002,2,13000,26000
I001499,O00588,B0195,3,14000,42000
I001500,O00588,B0187,1,36000,36000
I001501,O00589,B0106,1,21000,21000
I001502,O00589,B0151,1,12000,12000
I001503,O00589,B0014,1,29000,29000
I001504,O00590,B0091,1,35000,35000
I001505,O00590,B0192,2,40000,80000
I001506,O00590,B0182,3,17000,51000
I001507,O00591,B0087,1,22000,22000
I001508,O00591,B0190,2,37000,74000
I001509,O00592,B0061,1,32000,32000
I001510,O00592,B0041,1,27000,27000
I001511,O00592,B0136,1,41000,41000
I001512,O00592,B0160,2,33000,66000
I001513,O00593,B0159,1,17000,17000
I001514,O00593,B0090,1,33000,33000
I001515,O00593,B0081,3,31000,93000
I001516,O00593,B0198,1,38000,38000
I001517,O00594,B0131,1,16000,16000
I001518,O00594,B0063,1,28000,28000
I001519,O00594,B0074,1,34000,34000
I001520,O00595,B0131,1,16000,16000
I001521,O00595,B0080,1,16000,16000
I001522,O00595,B0167,1,24000,24000
I001523,O00596,B0144,1,19000,19000
I001524,O00596,B0073,1,11000,11000
I001525,O00596,B0113,3,40000,120000
I001526,O00596,B0175,1,12000,12000
I001527,O00597,B0068,1,36000,36000
I001528,O00597,B0078,1,16000,16000
I001529,O00597,B0047,1,42000,42000
I001530,O00598,B0169,1,24000,24000
I001531,O00599,B0019,1,26000,26000
I001532,O00599,B0029,1,16000,16000
I001533,O00599,B0199,1,33000,33000
I001534,O00599,B0011,1,9000,9000
I001535,O00600,B0089,2,44000,88000
I001536,O00600,B0185,2,13000,26000
I001537,O00600,B0144,1,19000,19000
I001538,O00600,B0128,1,30000,30000
I001539,O00601,B0098,2,26000,52000
I001540,O00601,B0138,1,40000,40000
I001541,O00602,B0127,2,16000,32000
I001542,O00602,B0081,2,31000,62000
I001543,O00603,B0020,1,34000,34000
I001544,O00603,B0053,1,9000,9000
I001545,O00603,B0019,1,26000,26000
I001546,O00604,B0152,3,37000,111000
I001547,O00604,B0032,2,33000,66000
I001548,O00604,B0061,3,32000,96000
I001549,O00604,B0123,2,41000,82000
I001550,O00605,B0025,1,41000,41000
I001551,O00605,B0129,1,38000,38000
I001552,O00605,B0148,1,19000,19000
I001553,O00606,B0059,1,20000,20000
I001554,O00606,B0113,1,40000,40000
I001555,O00606,B0158,1,26000,26000
I001556,O00606,B0161,1,30000,30000
I001557,O00607,B0019,1,26000,26000
I001558,O00608,B0057,1,42000,42000
I001559,O00609,B0036,1,28000,28000
I001560,O00609,B0162,2,27000,54000
I001561,O00609,B0172,1,42000,42000
I001562,O00610,B0154,1,28000,28000
I001563,O00610,B0076,1,9000,9000
I001564,O00611,B0061,1,32000,32000
I001565,O00612,B0156,3,35000,105000
I001566,O00612,B0114,3,36000,108000
I001567,O00613,B0130,2,37000,74000
I001568,O00613,B0003,1,29000,29000
I001569,O00613,B0027,3,39000,117000
I001570,O00614,B0050,2,17000,34000
I001571,O00614,B0200,2,44000,88000
I001572,O00614,B0146,3,24000,72000
I001573,O00614,B0031,1,15000,15000
I001574,O00615,B0161,2,30000,60000
I001575,O00616,B0131,1,16000,16000
I001576,O00616,B0122,3,12000,36000
I001577,O00616,B0076,2,9000,18000
I001578,O00617,B0105,3,34000,102000
I001579,O00617,B0032,2,33000,66000
I001580,O00617,B0013,3,19000,57000
I001581,O00617,B0019,1,26000,26000
I001582,O00618,B0155,1,41000,41000
I001583,O00618,B0068,3,36000,108000
I001584,O00619,B0042,2,22000,44000
I001585,O00620,B0076,1,9000,9000
I001586,O00620,B0110,2,15000,30000
I001587,O00620,B0027,1,39000,39000
I001588,O00621,B0077,1,14000,14000
I001589,O00622,B0188,1,33000,33000
I001590,O00623,B0143,1,24000,24000
I001591,O00624,B0005,1,9000,9000
I001592,O00624,B0008,1,36000,36000
I001593,O00625,B0047,3,42000,126000
I001594,O00625,B0122,2,12000,24000
I001595,O00625,B0117,1,25000,25000
I001596,O00626,B0012,1,44000,44000
I001597,O00626,B0111,1,19000,19000
I001598,O00626,B0195,2,14000,28000
I001599,O00627,B0167,1,24000,24000
I001600,O00627,B0099,3,18000,54000
I001601,O00627,B0033,1,40000,40000
I001602,O00628,B0143,1,24000,24000
I001603,O00628,B0165,3,36000,108000
I001604,O00628,B0020,1,34000,34000
I001605,O00629,B0021,3,18000,54000
I001606,O00629,B0013,3,19000,57000
I001607,O00629,B0187,1,36000,36000
I001608,O00629,B0023,1,14000,14000
I001609,O00630,B0091,2,35000,70000
I001610,O00630,B0141,1,13000,13000
I001611,O00630,B0123,1,41000,41000
I001612,O00630,B0024,1,36000,36000
I001613,O00631,B0042,1,22000,22000
I001614,O00632,B0073,1,11000,11000
I001615,O00632,B0164,2,31000,62000
I001616,O00633,B0167,1,24000,24000
I001617,O00633,B0193,1,26000,26000
I001618,O00633,B0048,1,11000,11000
I001619,O00634,B0098,1,26000,26000
I001620,O00634,B0002,3,13000,39000
I001621,O00634,B0005,1,9000,9000
I001622,O00634,B0155,2,41000,82000
I001623,O00635,B0148,1,19000,19000
I001624,O00635,B0181,3,30000,90000
I001625,O00635,B0061,3,32000,96000
I001626,O00635,B0045,3,27000,81000
I001627,O00636,B0152,1,37000,37000
I001628,O00636,B0094,1,29000,29000
I001629,O00636,B0165,1,36000,36000
I001630,O00636,B0029,1,16000,16000
I001631,O00637,B0079,1,25000,25000
I001632,O00637,B0117,3,25000,75000
I001633,O00637,B0062,1,26000,26000
I001634,O00637,B0161,2,30000,60000
I001635,O00638,B0101,1,31000,31000
I001636,O00638,B0152,3,37000,111000
I001637,O00638,B0009,2,24000,48000
I001638,O00638,B0132,1,34000,34000
I001639,O00639,B0056,1,15000,15000
I001640,O00640,B0073,1,11000,11000
I001641,O00641,B0070,1,26000,26000
I001642,O00641,B0067,1,35000,35000
I001643,O00641,B0033,2,40000,80000
I001644,O00642,B0183,2,22000,44000
I001645,O00642,B0085,3,39000,117000
I001646,O00643,B0132,1,34000,34000
I001647,O00643,B0124,1,19000,19000
I001648,O00643,B0153,1,20000,20000
I001649,O00644,B0141,1,13000,13000
I001650,O00645,B0014,1,29000,29000
I001651,O00645,B0190,3,37000,111000
I001652,O00645,B0184,3,41000,123000
I001653,O00646,B0162,1,27000,27000
I001654,O00647,B0100,2,15000,30000
I001655,O00647,B0136,2,41000,82000
I001656,O00647,B0118,1,26000,26000
I001657,O00648,B0069,1,25000,25000
I001658,O00648,B0135,3,27000,81000
I001659,O00648,B0126,1,28000,28000
I001660,O00649,B0027,2,39000,78000
I001661,O00649,B0173,1,31000,31000
I001662,O00649,B0098,2,26000,52000
I001663,O00649,B0126,2,28000,56000
I001664,O00650,B0024,1,36000,36000
I001665,O00650,B0156,2,35000,70000
I001666,O00651,B0167,1,24000,24000
I001667,O00651,B0129,1,38000,38000
I001668,O00651,B0142,1,43000,43000
I001669,O00652,B0165,1,36000,36000
I001670,O00652,B0120,3,38000,114000
I001671,O00652,B0175,1,12000,12000
I001672,O00652,B0154,1,28000,28000
I001673,O00653,B0166,1,43000,43000
I001674,O00653,B0178,2,11000,22000
I001675,O00653,B0059,2,20000,40000
I001676,O00654,B0120,2,38000,76000
I001677,O00654,B0131,2,16000,32000
I001678,O00654,B0150,1,15000,15000
I001679,O00654,B0003,1,29000,29000
I001680,O00655,B0132,1,34000,34000
I001681,O00655,B0071,1,42000,42000
I001682,O00655,B0012,1,44000,44000
I001683,O00656,B0038,2,32000,64000
I001684,O00656,B0158,1,26000,26000
I001685,O00657,B0166,3,43000,129000
I001686,O00658,B0186,1,35000,35000
I001687,O00658,B0141,1,13000,13000
I001688,O00658,B0142,1,43000,43000
I001689,O00658,B0123,1,41000,41000
I001690,O00659,B0181,1,30000,30000
I001691,O00659,B0087,1,22000,22000
I001692,O00659,B0152,3,37000,111000
I001693,O00659,B0186,1,35000,35000
I001694,O00660,B0154,1,28000,28000
I001695,O00660,B0200,3,44000,132000
I001696,O00661,B0098,3,26000,78000
I001697,O00661,B0171,1,35000,35000
I001698,O00661,B0177,1,24000,24000
I001699,O00662,B0015,3,23000,69000
I001700,O00662,B0044,1,10000,10000
I001701,O00662,B0162,1,27000,27000
I001702,O00662,B0058,1,33000,33000
I001703,O00663,B0153,3,20000,60000
I001704,O00663,B0047,3,42000,126000
I001705,O00663,B0103,1,13000,13000
I001706,O00663,B0093,1,15000,15000
I001707,O00664,B0033,1,40000,40000
I001708,O00664,B0008,3,36000,108000
I001709,O00665,B0114,1,36000,36000
I001710,O00665,B0011,3,9000,27000
I001711,O00665,B0112,1,33000,33000
I001712,O00666,B0005,1,9000,9000
I001713,O00666,B0189,2,38000,76000
I001714,O00667,B0141,3,13000,39000
I001715,O00667,B0042,3,22000,66000
I001716,O00667,B0043,3,44000,132000
I001717,O00667,B0008,1,36000,36000
I001718,O00668,B0067,1,35000,35000
I001719,O00669,B0045,2,27000,54000
I001720,O00670,B0112,3,33000,99000
I001721,O00670,B0042,1,22000,22000
I001722,O00671,B0041,1,27000,27000
I001723,O00671,B0014,3,29000,87000
I001724,O00671,B0123,1,41000,41000
I001725,O00671,B0035,2,31000,62000
I001726,O00672,B0091,1,35000,35000
I001727,O00672,B0064,1,18000,18000
I001728,O00673,B0164,1,31000,31000
I001729,O00673,B0020,3,34000,102000
I001730,O00673,B0171,1,35000,35000
I001731,O00674,B0188,2,33000,66000
I001732,O00675,B0117,1,25000,25000
I001733,O00675,B0128,1,30000,30000
I001734,O00676,B0126,1,28000,28000
I001735,O00677,B0086,1,21000,21000
I001736,O00677,B0156,1,35000,35000
I001737,O00678,B0007,1,42000,42000
I001738,O00678,B0055,1,14000,14000
I001739,O00679,B0037,1,20000,20000
I001740,O00679,B0034,1,44000,44000
I001741,O00679,B0132,1,34000,34000
I001742,O00679,B0109,2,11000,22000
I001743,O00680,B0104,3,40000,120000
I001744,O00681,B0090,1,33000,33000
I001745,O00681,B0102,3,39000,117000
I001746,O00682,B0159,1,17000,17000
I001747,O00682,B0182,1,17000,17000
I001748,O00683,B0062,3,26000,78000
I001749,O00683,B0148,1,19000,19000
I001750,O00683,B0009,1,24000,24000
I001751,O00684,B0198,1,38000,38000
I001752,O00684,B0152,1,37000,37000
I001753,O00685,B0193,2,26000,52000
I001754,O00686,B0082,1,23000,23000
I001755,O00686,B0104,1,40000,40000
I001756,O00686,B0012,1,44000,44000
I001757,O00687,B0171,1,35000,35000
I001758,O00687,B0121,1,15000,15000
I001759,O00687,B0168,1,27000,27000
I001760,O00688,B0051,2,9000,18000
I001761,O00688,B0018,1,25000,25000
I001762,O00689,B0181,2,30000,60000
I001763,O00690,B0155,1,41000,41000
I001764,O00691,B0182,1,17000,17000
I001765,O00691,B0079,1,25000,25000
I001766,O00691,B0172,2,42000,84000
I001767,O00691,B0035,1,31000,31000
I001768,O00692,B0140,1,28000,28000
I001769,O00692,B0100,3,15000,45000
I001770,O00692,B0016,1,19000,19000
I001771,O00693,B0003,1,29000,29000
I001772,O00694,B0160,1,33000,33000
I001773,O00694,B0091,2,35000,70000
I001774,O00695,B0031,1,15000,15000
I001775,O00695,B0090,1,33000,33000
I001776,O00695,B0087,1,22000,22000
I001777,O00696,B0048,2,11000,22000
I001778,O00696,B0200,1,44000,44000
I001779,O00696,B0111,2,19000,38000
I001780,O00696,B0110,1,15000,15000
I001781,O00697,B0034,1,44000,44000
I001782,O00697,B0021,2,18000,36000
I001783,O00697,B0070,1,26000,26000
I001784,O00698,B0152,2,37000,74000
I001785,O00698,B0075,1,18000,18000
I001786,O00698,B0168,1,27000,27000
I001787,O00699,B0089,1,44000,44000
I001788,O00699,B0075,2,18000,36000
I001789,O00699,B0042,1,22000,22000
I001790,O00699,B0023,3,14000,42000
I001791,O00700,B0167,1,24000,24000
I001792,O00700,B0007,2,42000,84000
I001793,O00700,B0106,1,21000,21000
I001794,O00700,B0194,1,21000,21000
I001795,O00701,B0025,1,41000,41000
I001796,O00701,B0083,2,20000,40000
I001797,O00701,B0079,1,25000,25000
I001798,O00702,B0139,2,20000,40000
I001799,O00703,B0016,1,19000,19000
I001800,O00703,B0071,2,42000,84000
I001801,O00703,B0031,1,15000,15000
I001802,O00703,B0178,2,11000,22000
I001803,O00704,B0043,1,44000,44000
I001804,O00705,B0098,1,26000,26000
I001805,O00705,B0097,2,38000,76000
I001806,O00706,B0103,1,13000,13000
I001807,O00707,B0101,1,31000,31000
I001808,O00707,B0123,1,41000,41000
I001809,O00707,B0069,1,25000,25000
I001810,O00707,B0168,1,27000,27000
I001811,O00708,B0089,1,44000,44000
I001812,O00708,B0200,1,44000,44000
I001813,O00708,B0069,1,25000,25000
I001814,O00708,B0151,1,12000,12000
I001815,O00709,B0088,1,43000,43000
I001816,O00709,B0087,3,22000,66000
I001817,O00709,B0109,1,11000,11000
I001818,O00709,B0043,1,44000,44000
I001819,O00710,B0078,1,16000,16000
I001820,O00710,B0148,3,19000,57000
I001821,O00710,B0003,3,29000,87000
I001822,O00711,B0067,1,35000,35000
I001823,O00712,B0134,2,29000,58000
I001824,O00712,B0161,3,30000,90000
I001825,O00713,B0002,2,13000,26000
I001826,O00713,B0153,1,20000,20000
I001827,O00713,B0016,1,19000,19000
I001828,O00714,B0135,3,27000,81000
I001829,O00714,B0193,1,26000,26000
I001830,O00714,B0098,1,26000,26000
I001831,O00714,B0086,3,21000,63000
I001832,O00715,B0065,1,25000,25000
I001833,O00715,B0132,2,34000,68000
I001834,O00716,B0009,1,24000,24000
I001835,O00716,B0132,2,34000,68000
I001836,O00717,B0059,1,20000,20000
I001837,O00718,B0076,1,9000,9000
I001838,O00718,B0061,1,32000,32000
I001839,O00718,B0008,1,36000,36000
I001840,O00718,B0100,1,15000,15000
I001841,O00719,B0047,3,42000,126000
I001842,O00719,B0197,2,28000,56000
I001843,O00720,B0148,1,19000,19000
I001844,O00721,B0119,3,36000,108000
I001845,O00721,B0157,1,37000,37000
I001846,O00721,B0123,2,41000,82000
I001847,O00722,B0096,2,34000,68000
I001848,O00722,B0035,3,31000,93000
I001849,O00722,B0188,1,33000,33000
I001850,O00723,B0121,1,15000,15000
I001851,O00723,B0164,1,31000,31000
I001852,O00723,B0101,1,31000,31000
I001853,O00724,B0057,1,42000,42000
I001854,O00724,B0177,1,24000,24000
I001855,O00724,B0193,1,26000,26000
I001856,O00725,B0090,1,33000,33000
I001857,O00725,B0147,2,43000,86000
I001858,O00725,B0161,3,30000,90000
I001859,O00725,B0148,1,19000,19000
I001860,O00726,B0079,3,25000,75000
I001861,O00726,B0015,3,23000,69000
I001862,O00727,B0052,1,35000,35000
I001863,O00727,B0181,1,30000,30000
I001864,O00728,B0138,2,40000,80000
I001865,O00729,B0061,3,32000,96000
I001866,O00729,B0144,2,19000,38000
I001867,O00729,B0177,2,24000,48000
I001868,O00729,B0095,2,9000,18000
I001869,O00730,B0099,1,18000,18000
I001870,O00730,B0095,1,9000,9000
I001871,O00730,B0169,1,24000,24000
I001872,O00730,B0136,2,41000,82000
I001873,O00731,B0050,1,17000,17000
I001874,O00731,B0168,3,27000,81000
I001875,O00732,B0115,1,9000,9000
I001876,O00732,B0074,2,34000,68000
I001877,O00732,B0188,1,33000,33000
I001878,O00732,B0146,2,24000,48000
I001879,O00733,B0162,1,27000,27000
I001880,O00734,B0149,3,44000,132000
I001881,O00734,B0012,1,44000,44000
I001882,O00735,B0025,3,41000,123000
I001883,O00736,B0058,2,33000,66000
I001884,O00737,B0096,3,34000,102000
I001885,O00737,B0133,1,9000,9000
I001886,O00737,B0036,1,28000,28000
I001887,O00738,B0041,1,27000,27000
I001888,O00738,B0152,1,37000,37000
I001889,O00738,B0001,3,13000,39000
I001890,O00738,B0012,2,44000,88000
I001891,O00739,B0157,1,37000,37000
I001892,O00739,B0192,1,40000,40000
I001893,O00740,B0199,3,33000,99000
I001894,O00740,B0064,1,18000,18000
I001895,O00741,B0049,2,36000,72000
I001896,O00741,B0001,1,13000,13000
I001897,O00741,B0057,2,42000,84000
I001898,O00741,B0089,3,44000,132000
I001899,O00742,B0126,3,28000,84000
I001900,O00742,B0178,1,11000,11000
I001901,O00743,B0072,1,29000,29000
I001902,O00744,B0077,1,14000,14000
I001903,O00744,B0086,3,21000,63000
I001904,O00745,B0102,1,39000,39000
I001905,O00745,B0184,1,41000,41000
I001906,O00746,B0113,3,40000,120000
I001907,O00747,B0007,3,42000,126000
I001908,O00747,B0056,3,15000,45000
I001909,O00747,B0075,1,18000,18000
I001910,O00747,B0156,1,35000,35000
I001911,O00748,B0159,1,17000,17000
I001912,O00748,B0135,2,27000,54000
I001913,O00748,B0010,1,12000,12000
I001914,O00749,B0115,2,9000,18000
I001915,O00749,B0042,1,22000,22000
I001916,O00749,B0142,1,43000,43000
I001917,O00749,B0082,2,23000,46000
I001918,O00750,B0055,1,14000,14000
I001919,O00750,B0053,1,9000,9000
I001920,O00751,B0059,1,20000,20000
I001921,O00751,B0041,3,27000,81000
I001922,O00751,B0054,1,18000,18000
I001923,O00752,B0054,1,18000,18000
I001924,O00752,B0044,2,10000,20000
I001925,O00752,B0179,1,33000,33000
I001926,O00753,B0071,1,42000,42000
I001927,O00753,B0152,2,37000,74000
I001928,O00754,B0125,2,37000,74000
I001929,O00754,B0173,1,31000,31000
I001930,O00754,B0037,2,20000,40000
I001931,O00755,B0187,3,36000,108000
I001932,O00755,B0087,2,22000,44000
I001933,O00755,B0086,2,21000,42000
I001934,O00755,B0034,1,44000,44000
I001935,O00756,B0164,2,31000,62000
I001936,O00756,B0008,3,36000,108000
I001937,O00757,B0160,1,33000,33000
I001938,O00757,B0179,1,33000,33000
I001939,O00757,B0138,1,40000,40000
I001940,O00758,B0044,3,10000,30000
I001941,O00758,B0096,3,34000,102000
I001942,O00758,B0064,1,18000,18000
I001943,O00759,B0170,3,34000,102000
I001944,O00759,B0131,1,16000,16000
I001945,O00760,B0015,1,23000,23000
I001946,O00760,B0106,1,21000,21000
I001947,O00760,B0122,1,12000,12000
I001948,O00761,B0087,3,22000,66000
I001949,O00761,B0177,1,24000,24000
I001950,O00762,B0174,1,31000,31000
I001951,O00763,B0001,2,13000,26000
I001952,O00763,B0069,1,25000,25000
I001953,O00763,B0164,1,31000,31000
I001954,O00764,B0159,3,17000,51000
I001955,O00765,B0189,1,38000,38000
I001956,O00765,B0078,1,16000,16000
I001957,O00765,B0191,2,19000,38000
I001958,O00766,B0089,1,44000,44000
I001959,O00766,B0179,1,33000,33000
I001960,O00767,B0017,1,17000,17000
I001961,O00768,B0083,1,20000,20000
I001962,O00768,B0200,1,44000,44000
I001963,O00768,B0029,2,16000,32000
I001964,O00768,B0106,2,21000,42000
I001965,O00769,B0156,1,35000,35000
I001966,O00769,B0040,1,17000,17000
I001967,O00770,B0183,1,22000,22000
I001968,O00770,B0078,2,16000,32000
I001969,O00770,B0002,2,13000,26000
I001970,O00770,B0098,1,26000,26000
I001971,O00771,B0131,1,16000,16000
I001972,O00771,B0093,2,15000,30000
I001973,O00772,B0011,1,9000,9000
I001974,O00772,B0078,1,16000,16000
I001975,O00772,B0083,1,20000,20000
I001976,O00772,B0096,2,34000,68000
I001977,O00773,B0026,2,18000,36000
I001978,O00773,B0078,1,16000,16000
I001979,O00774,B0145,1,40000,40000
I001980,O00774,B0138,3,40000,120000
I001981,O00774,B0070,1,26000,26000
I001982,O00774,B0197,1,28000,28000
I001983,O00775,B0130,3,37000,111000
I001984,O00776,B0069,1,25000,25000
I001985,O00776,B0048,1,11000,11000
I001986,O00776,B0001,2,13000,26000
I001987,O00777,B0184,2,41000,82000
I001988,O00778,B0183,1,22000,22000
I001989,O00779,B0153,1,20000,20000
I001990,O00779,B0035,2,31000,62000
I001991,O00780,B0109,1,11000,11000
I001992,O00781,B0200,2,44000,88000
I001993,O00781,B0030,1,9000,9000
I001994,O00781,B0110,1,15000,15000
I001995,O00781,B0147,2,43000,86000
I001996,O00782,B0047,2,42000,84000
I001997,O00782,B0052,3,35000,105000
I001998,O00782,B0189,1,38000,38000
I001999,O00783,B0167,1,24000,24000
I002000,O00784,B0190,1,37000,37000
I002001,O00784,B0123,2,41000,82000
I002002,O00785,B0005,1,9000,9000
I002003,O00785,B0104,2,40000,80000
I002004,O00785,B0064,3,18000,54000
I002005,O00785,B0049,3,36000,108000
I002006,O00786,B0064,1,18000,18000
I002007,O00786,B0090,2,33000,66000
I002008,O00786,B0107,1,31000,31000
I002009,O00786,B0024,1,36000,36000
I002010,O00787,B0063,2,28000,56000
I002011,O00787,B0167,2,24000,48000
I002012,O00787,B0193,2,26000,52000
I002013,O00787,B0033,2,40000,80000
I002014,O00788,B0135,2,27000,54000
I002015,O00788,B0094,3,29000,87000
I002016,O00788,B0080,2,16000,32000
I002017,O00789,B0046,3,37000,111000
I002018,O00789,B0121,3,15000,45000
I002019,O00789,B0039,1,30000,30000
I002020,O00790,B0062,2,26000,52000
I002021,O00790,B0137,1,18000,18000
I002022,O00791,B0050,1,17000,17000
I002023,O00791,B0079,1,25000,25000
I002024,O00791,B0024,1,36000,36000
I002025,O00791,B0180,1,29000,29000
I002026,O00792,B0171,1,35000,35000
I002027,O00792,B0138,1,40000,40000
I002028,O00793,B0191,3,19000,57000
I002029,O00794,B0023,3,14000,42000
I002030,O00794,B0014,3,29000,87000
I002031,O00795,B0200,3,44000,132000
I002032,O00795,B0073,1,11000,11000
I002033,O00796,B0177,1,24000,24000
I002034,O00796,B0117,1,25000,25000
I002035,O00797,B0068,1,36000,36000
I002036,O00797,B0026,1,18000,18000
I002037,O00797,B0016,1,19000,19000
I002038,O00797,B0109,1,11000,11000
I002039,O00798,B0151,2,12000,24000
I002040,O00798,B0191,1,19000,19000
I002041,O00799,B0183,2,22000,44000
I002042,O00799,B0083,1,20000,20000
I002043,O00799,B0113,2,40000,80000
I002044,O00799,B0170,1,34000,34000
I002045,O00800,B0171,3,35000,105000
I002046,O00800,B0068,3,36000,108000
I002047,O00800,B0180,1,29000,29000
I002048,O00801,B0109,1,11000,11000
I002049,O00801,B0087,2,22000,44000
I002050,O00801,B0108,1,31000,31000
I002051,O00801,B0173,2,31000,62000
I002052,O00802,B0175,1,12000,12000
I002053,O00802,B0132,1,34000,34000
I002054,O00802,B0102,3,39000,117000
I002055,O00802,B0050,1,17000,17000
I002056,O00803,B0076,1,9000,9000
I002057,O00803,B0160,1,33000,33000
I002058,O00803,B0092,1,18000,18000
I002059,O00803,B0177,1,24000,24000
I002060,O00804,B0193,1,26000,26000
I002061,O00804,B0006,1,16000,16000
I002062,O00805,B0044,1,10000,10000
I002063,O00805,B0087,2,22000,44000
I002064,O00806,B0197,2,28000,56000
I002065,O00806,B0140,1,28000,28000
I002066,O00806,B0026,3,18000,54000
I002067,O00806,B0032,3,33000,99000
I002068,O00807,B0037,1,20000,20000
I002069,O00807,B0158,1,26000,26000
I002070,O00807,B0007,3,42000,126000
I002071,O00808,B0036,1,28000,28000
I002072,O00808,B0195,1,14000,14000
I002073,O00808,B0121,2,15000,30000
I002074,O00808,B0078,1,16000,16000
I002075,O00809,B0173,1,31000,31000
I002076,O00810,B0031,2,15000,30000
I002077,O00810,B0191,3,19000,57000
I002078,O00811,B0190,1,37000,37000
I002079,O00811,B0008,1,36000,36000
I002080,O00812,B0189,3,38000,114000
I002081,O00812,B0075,1,18000,18000
I002082,O00813,B0008,3,36000,108000
I002083,O00813,B0027,1,39000,39000
I002084,O00813,B0102,1,39000,39000
I002085,O00814,B0177,2,24000,48000
I002086,O00814,B0091,1,35000,35000
I002087,O00815,B0089,1,44000,44000
I002088,O00815,B0181,1,30000,30000
I002089,O00816,B0071,1,42000,42000
I002090,O00817,B0013,1,19000,19000
I002091,O00817,B0117,1,25000,25000
I002092,O00817,B0146,1,24000,24000
I002093,O00817,B0197,2,28000,56000
I002094,O00818,B0131,1,16000,16000
I002095,O00819,B0112,1,33000,33000
I002096,O00819,B0035,2,31000,62000
I002097,O00819,B0082,2,23000,46000
I002098,O00820,B0140,3,28000,84000
I002099,O00820,B0117,2,25000,50000
I002100,O00820,B0055,1,14000,14000
I002101,O00821,B0085,1,39000,39000
I002102,O00821,B0034,3,44000,132000
I002103,O00822,B0025,1,41000,41000
I002104,O00822,B0159,1,17000,17000
I002105,O00822,B0109,1,11000,11000
I002106,O00823,B0194,1,21000,21000
I002107,O00824,B0030,1,9000,9000
I002108,O00824,B0174,1,31000,31000
I002109,O00824,B0156,1,35000,35000
I002110,O00825,B0057,1,42000,42000
I002111,O00825,B0132,1,34000,34000
I002112,O00825,B0156,1,35000,35000
I002113,O00826,B0078,1,16000,16000
I002114,O00826,B0039,1,30000,30000
I002115,O00826,B0101,2,31000,62000
I002116,O00826,B0191,2,19000,38000
I002117,O00827,B0176,1,38000,38000
I002118,O00827,B0100,2,15000,30000
I002119,O00827,B0040,3,17000,51000
I002120,O00828,B0189,2,38000,76000
I002121,O00828,B0050,3,17000,51000
I002122,O00828,B0075,1,18000,18000
I002123,O00828,B0131,3,16000,48000
I002124,O00829,B0122,1,12000,12000
I002125,O00829,B0129,1,38000,38000
I002126,O00829,B0151,1,12000,12000
I002127,O00829,B0024,1,36000,36000
I002128,O00830,B0200,1,44000,44000
I002129,O00831,B0145,2,40000,80000
I002130,O00832,B0085,3,39000,117000
I002131,O00832,B0160,1,33000,33000
I002132,O00832,B0138,2,40000,80000
I002133,O00833,B0002,3,13000,39000
I002134,O00834,B0155,1,41000,41000
I002135,O00834,B0131,3,16000,48000
I002136,O00834,B0048,2,11000,22000
I002137,O00834,B0128,2,30000,60000
I002138,O00835,B0067,3,35000,105000
I002139,O00836,B0061,1,32000,32000
I002140,O00837,B0041,1,27000,27000
I002141,O00837,B0117,1,25000,25000
I002142,O00837,B0168,1,27000,27000
I002143,O00838,B0164,1,31000,31000
I002144,O00839,B0071,2,42000,84000
I002145,O00839,B0113,3,40000,120000
I002146,O00840,B0019,1,26000,26000
I002147,O00840,B0066,1,30000,30000
I002148,O00841,B0152,3,37000,111000
I002149,O00841,B0187,2,36000,72000
I002150,O00841,B0085,1,39000,39000
I002151,O00842,B0174,2,31000,62000
I002152,O00842,B0108,1,31000,31000
I002153,O00842,B0099,1,18000,18000
I002154,O00843,B0029,1,16000,16000
I002155,O00843,B0061,1,32000,32000
I002156,O00844,B0140,2,28000,56000
I002157,O00844,B0001,1,13000,13000
I002158,O00845,B0173,1,31000,31000
I002159,O00845,B0144,1,19000,19000
I002160,O00845,B0068,1,36000,36000
I002161,O00846,B0032,1,33000,33000
I002162,O00846,B0153,3,20000,60000
I002163,O00846,B0173,3,31000,93000
I002164,O00847,B0003,1,29000,29000
I002165,O00847,B0189,1,38000,38000
I002166,O00848,B0155,2,41000,82000
I002167,O00849,B0083,1,20000,20000
I002168,O00849,B0135,1,27000,27000
I002169,O00849,B0114,2,36000,72000
I002170,O00850,B0178,1,11000,11000
I002171,O00850,B0040,1,17000,17000
I002172,O00851,B0145,1,40000,40000
I002173,O00851,B0074,3,34000,102000
I002174,O00851,B0174,1,31000,31000
I002175,O00851,B0078,2,16000,32000
I002176,O00852,B0154,1,28000,28000
I002177,O00852,B0111,2,19000,38000
I002178,O00853,B0020,1,34000,34000
I002179,O00853,B0165,1,36000,36000
I002180,O00853,B0127,2,16000,32000
I002181,O00853,B0066,1,30000,30000
I002182,O00854,B0079,1,25000,25000
I002183,O00854,B0190,2,37000,74000
I002184,O00854,B0047,1,42000,42000
I002185,O00854,B0181,1,30000,30000
I002186,O00855,B0184,1,41000,41000
I002187,O00855,B0038,2,32000,64000
I002188,O00855,B0030,1,9000,9000
I002189,O00855,B0187,1,36000,36000
I002190,O00856,B0088,1,43000,43000
I002191,O00856,B0187,1,36000,36000
I002192,O00856,B0054,2,18000,36000
I002193,O00857,B0104,3,40000,120000
I002194,O00857,B0005,1,9000,9000
I002195,O00857,B0129,2,38000,76000
I002196,O00857,B0123,1,41000,41000
I002197,O00858,B0060,1,37000,37000
I002198,O00858,B0161,1,30000,30000
I002199,O00858,B0124,3,19000,57000
I002200,O00858,B0076,1,9000,9000
I002201,O00859,B0150,1,15000,15000
I002202,O00859,B0052,1,35000,35000
I002203,O00859,B0071,1,42000,42000
I002204,O00859,B0063,1,28000,28000
I002205,O00860,B0063,1,28000,28000
I002206,O00860,B0077,2,14000,28000
I002207,O00860,B0009,2,24000,48000
I002208,O00860,B0193,1,26000,26000
I002209,O00861,B0005,1,9000,9000
I002210,O00861,B0136,1,41000,41000
I002211,O00861,B0060,3,37000,111000
I002212,O00861,B0040,1,17000,17000
I002213,O00862,B0165,1,36000,36000
I002214,O00862,B0061,3,32000,96000
I002215,O00862,B0142,1,43000,43000
I002216,O00862,B0094,1,29000,29000
I002217,O00863,B0049,1,36000,36000
I002218,O00863,B0138,1,40000,40000
I002219,O00864,B0178,2,11000,22000
I002220,O00864,B0170,1,34000,34000
I002221,O00865,B0126,2,28000,56000
I002222,O00866,B0130,1,37000,37000
I002223,O00866,B0002,3,13000,39000
I002224,O00866,B0015,1,23000,23000
I002225,O00866,B0142,1,43000,43000
I002226,O00867,B0085,1,39000,39000
I002227,O00867,B0115,1,9000,9000
I002228,O00868,B0038,1,32000,32000
I002229,O00869,B0034,1,44000,44000
I002230,O00869,B0031,1,15000,15000
I002231,O00869,B0095,1,9000,9000
I002232,O00869,B0154,1,28000,28000
I002233,O00870,B0171,2,35000,70000
I002234,O00870,B0038,1,32000,32000
I002235,O00871,B0149,1,44000,44000
I002236,O00871,B0103,1,13000,13000
I002237,O00871,B0013,1,19000,19000
I002238,O00872,B0191,1,19000,19000
I002239,O00873,B0160,1,33000,33000
I002240,O00873,B0188,1,33000,33000
I002241,O00873,B0007,1,42000,42000
I002242,O00874,B0144,1,19000,19000
I002243,O00875,B0188,1,33000,33000
I002244,O00876,B0090,1,33000,33000
I002245,O00876,B0173,2,31000,62000
I002246,O00876,B0143,2,24000,48000
I002247,O00876,B0108,3,31000,93000
I002248,O00877,B0085,2,39000,78000
I002249,O00877,B0143,1,24000,24000
I002250,O00878,B0060,3,37000,111000
I002251,O00878,B0045,2,27000,54000
I002252,O00879,B0073,2,11000,22000
I002253,O00879,B0095,3,9000,27000
I002254,O00880,B0166,2,43000,86000
I002255,O00880,B0047,1,42000,42000
I002256,O00881,B0062,1,26000,26000
I002257,O00881,B0147,1,43000,43000
I002258,O00882,B0027,1,39000,39000
I002259,O00882,B0080,1,16000,16000
I002260,O00882,B0003,1,29000,29000
I002261,O00883,B0003,3,29000,87000
I002262,O00883,B0030,1,9000,9000
I002263,O00883,B0034,1,44000,44000
I002264,O00884,B0052,1,35000,35000
I002265,O00884,B0069,3,25000,75000
I002266,O00884,B0022,1,22000,22000
I002267,O00885,B0083,2,20000,40000
I002268,O00885,B0058,2,33000,66000
I002269,O00885,B0072,2,29000,58000
I002270,O00885,B0191,1,19000,19000
I002271,O00886,B0049,1,36000,36000
I002272,O00886,B0006,2,16000,32000
I002273,O00886,B0020,1,34000,34000
I002274,O00886,B0106,1,21000,21000
I002275,O00887,B0096,2,34000,68000
I002276,O00887,B0175,1,12000,12000
I002277,O00887,B0023,3,14000,42000
I002278,O00888,B0200,2,44000,88000
I002279,O00889,B0101,1,31000,31000
I002280,O00889,B0081,2,31000,62000
I002281,O00890,B0061,1,32000,32000
I002282,O00890,B0012,3,44000,132000
I002283,O00890,B0008,1,36000,36000
I002284,O00891,B0131,1,16000,16000
I002285,O00891,B0177,2,24000,48000
I002286,O00891,B0122,2,12000,24000
I002287,O00892,B0019,2,26000,52000
I002288,O00893,B0148,3,19000,57000
I002289,O00893,B0108,1,31000,31000
I002290,O00894,B0196,1,19000,19000
I002291,O00894,B0012,1,44000,44000
I002292,O00895,B0085,2,39000,78000
I002293,O00895,B0021,1,18000,18000
I002294,O00895,B0173,2,31000,62000
I002295,O00896,B0061,1,32000,32000
I002296,O00897,B0150,1,15000,15000
I002297,O00897,B0134,1,29000,29000
I002298,O00897,B0095,1,9000,9000
I002299,O00898,B0092,3,18000,54000
I002300,O00898,B0081,1,31000,31000
I002301,O00898,B0163,1,29000,29000
I002302,O00899,B0148,1,19000,19000
I002303,O00900,B0005,3,9000,27000
I002304,O00900,B0003,3,29000,87000
I002305,O00901,B0150,1,15000,15000
I002306,O00901,B0024,2,36000,72000
I002307,O00901,B0032,1,33000,33000
I002308,O00901,B0092,1,18000,18000
I002309,O00902,B0167,1,24000,24000
I002310,O00902,B0115,2,9000,18000
I002311,O00902,B0040,1,17000,17000
I002312,O00902,B0163,2,29000,58000
I002313,O00903,B0149,1,44000,44000
I002314,O00903,B0010,3,12000,36000
I002315,O00903,B0153,3,20000,60000
I002316,O00903,B0064,3,18000,54000
I002317,O00904,B0014,2,29000,58000
I002318,O00905,B0062,1,26000,26000
I002319,O00906,B0126,1,28000,28000
I002320,O00906,B0004,1,37000,37000
I002321,O00907,B0055,1,14000,14000
I002322,O00907,B0122,1,12000,12000
I002323,O00907,B0114,1,36000,36000
I002324,O00907,B0010,1,12000,12000
I002325,O00908,B0012,1,44000,44000
I002326,O00908,B0186,1,35000,35000
I002327,O00908,B0093,2,15000,30000
I002328,O00909,B0090,1,33000,33000
I002329,O00909,B0164,2,31000,62000
I002330,O00909,B0158,1,26000,26000
I002331,O00910,B0175,1,12000,12000
I002332,O00910,B0030,1,9000,9000
I002333,O00910,B0154,2,28000,56000
I002334,O00911,B0047,2,42000,84000
I002335,O00911,B0036,1,28000,28000
I002336,O00911,B0182,1,17000,17000
I002337,O00911,B0200,2,44000,88000
I002338,O00912,B0073,1,11000,11000
I002339,O00912,B0200,1,44000,44000
I002340,O00912,B0099,1,18000,18000
I002341,O00912,B0054,1,18000,18000
I002342,O00913,B0117,3,25000,75000
I002343,O00913,B0069,2,25000,50000
I002344,O00913,B0143,2,24000,48000
I002345,O00914,B0007,1,42000,42000
I002346,O00914,B0158,3,26000,78000
I002347,O00914,B0101,1,31000,31000
I002348,O00914,B0079,1,25000,25000
I002349,O00915,B0105,2,34000,68000
I002350,O00915,B0140,1,28000,28000
I002351,O00915,B0164,1,31000,31000
I002352,O00915,B0042,1,22000,22000
I002353,O00916,B0071,2,42000,84000
I002354,O00917,B0020,3,34000,102000
I002355,O00917,B0025,2,41000,82000
I002356,O00917,B0034,3,44000,132000
I002357,O00918,B0001,3,13000,39000
I002358,O00918,B0067,1,35000,35000
I002359,O00918,B0109,3,11000,33000
I002360,O00918,B0154,1,28000,28000
I002361,O00919,B0178,1,11000,11000
I002362,O00919,B0130,1,37000,37000
I002363,O00920,B0074,2,34000,68000
I002364,O00921,B0185,1,13000,13000
I002365,O00922,B0057,1,42000,42000
I002366,O00922,B0167,2,24000,48000
I002367,O00922,B0107,1,31000,31000
I002368,O00922,B0178,1,11000,11000
I002369,O00923,B0194,3,21000,63000
I002370,O00923,B0188,1,33000,33000
I002371,O00923,B0001,1,13000,13000
I002372,O00923,B0079,2,25000,50000
I002373,O00924,B0065,1,25000,25000
I002374,O00924,B0115,1,9000,9000
I002375,O00925,B0175,1,12000,12000
I002376,O00925,B0001,1,13000,13000
I002377,O00925,B0097,1,38000,38000
I002378,O00925,B0043,3,44000,132000
I002379,O00926,B0175,1,12000,12000
I002380,O00926,B0184,1,41000,41000
I002381,O00926,B0092,1,18000,18000
I002382,O00926,B0187,1,36000,36000
I002383,O00927,B0114,1,36000,36000
I002384,O00927,B0004,2,37000,74000
I002385,O00927,B0153,1,20000,20000
I002386,O00927,B0102,1,39000,39000
I002387,O00928,B0191,3,19000,57000
I002388,O00929,B0078,1,16000,16000
I002389,O00929,B0044,1,10000,10000
I002390,O00930,B0125,1,37000,37000
I002391,O00930,B0048,1,11000,11000
I002392,O00930,B0002,1,13000,13000
I002393,O00931,B0181,2,30000,60000
I002394,O00931,B0200,3,44000,132000
I002395,O00931,B0148,1,19000,19000
I002396,O00931,B0113,3,40000,120000
I002397,O00932,B0046,2,37000,74000
I002398,O00932,B0059,3,20000,60000
I002399,O00932,B0085,2,39000,78000
I002400,O00933,B0125,3,37000,111000
I002401,O00933,B0070,1,26000,26000
I002402,O00934,B0112,2,33000,66000
I002403,O00934,B0001,2,13000,26000
I002404,O00934,B0099,2,18000,36000
I002405,O00934,B0059,2,20000,40000
I002406,O00935,B0083,2,20000,40000
I002407,O00935,B0076,2,9000,18000
I002408,O00935,B0026,1,18000,18000
I002409,O00935,B0053,1,9000,9000
I002410,O00936,B0160,1,33000,33000
I002411,O00936,B0053,2,9000,18000
I002412,O00937,B0051,1,9000,9000
I002413,O00937,B0032,2,33000,66000
I002414,O00938,B0098,1,26000,26000
I002415,O00939,B0171,3,35000,105000
I002416,O00939,B0157,1,37000,37000
I002417,O00939,B0065,2,25000,50000
I002418,O00940,B0034,1,44000,44000
I002419,O00941,B0047,2,42000,84000
I002420,O00941,B0027,1,39000,39000
I002421,O00941,B0191,1,19000,19000
I002422,O00942,B0161,1,30000,30000
I002423,O00942,B0024,1,36000,36000
I002424,O00942,B0173,1,31000,31000
I002425,O00943,B0136,1,41000,41000
I002426,O00944,B0161,3,30000,90000
I002427,O00944,B0180,1,29000,29000
I002428,O00945,B0119,2,36000,72000
I002429,O00945,B0085,1,39000,39000
I002430,O00946,B0182,3,17000,51000
I002431,O00947,B0098,3,26000,78000
I002432,O00947,B0076,1,9000,9000
I002433,O00947,B0100,1,15000,15000
I002434,O00948,B0014,3,29000,87000
I002435,O00948,B0022,3,22000,66000
I002436,O00948,B0158,1,26000,26000
I002437,O00948,B0088,1,43000,43000
I002438,O00949,B0190,1,37000,37000
I002439,O00949,B0016,1,19000,19000
I002440,O00950,B0160,1,33000,33000
I002441,O00950,B0177,1,24000,24000
I002442,O00950,B0194,2,21000,42000
I002443,O00951,B0125,2,37000,74000
I002444,O00951,B0008,3,36000,108000
I002445,O00951,B0108,1,31000,31000
I002446,O00951,B0166,1,43000,43000
I002447,O00952,B0067,1,35000,35000
I002448,O00952,B0017,2,17000,34000
I002449,O00952,B0199,3,33000,99000
I002450,O00952,B0026,1,18000,18000
I002451,O00953,B0156,1,35000,35000
I002452,O00954,B0014,2,29000,58000
I002453,O00954,B0089,1,44000,44000
I002454,O00954,B0072,1,29000,29000
I002455,O00955,B0016,1,19000,19000
I002456,O00955,B0148,1,19000,19000
I002457,O00956,B0049,1,36000,36000
I002458,O00956,B0166,1,43000,43000
I002459,O00957,B0090,3,33000,99000
I002460,O00958,B0051,3,9000,27000
I002461,O00958,B0177,1,24000,24000
I002462,O00959,B0187,1,36000,36000
I002463,O00959,B0154,1,28000,28000
I002464,O00959,B0004,1,37000,37000
I002465,O00959,B0100,2,15000,30000
I002466,O00960,B0195,1,14000,14000
I002467,O00960,B0009,1,24000,24000
I002468,O00961,B0008,1,36000,36000
I002469,O00962,B0044,1,10000,10000
I002470,O00962,B0048,1,11000,11000
I002471,O00962,B0164,1,31000,31000
I002472,O00962,B0138,1,40000,40000
I002473,O00963,B0076,1,9000,9000
I002474,O00963,B0072,2,29000,58000
I002475,O00963,B0008,3,36000,108000
I002476,O00963,B0149,2,44000,88000
I002477,O00964,B0173,3,31000,93000
I002478,O00964,B0072,1,29000,29000
I002479,O00965,B0013,1,19000,19000
I002480,O00965,B0182,3,17000,51000
I002481,O00965,B0190,3,37000,111000
I002482,O00965,B0124,1,19000,19000
I002483,O00966,B0035,2,31000,62000
I002484,O00966,B0007,2,42000,84000
I002485,O00966,B0006,3,16000,48000
I002486,O00967,B0159,1,17000,17000
I002487,O00967,B0161,2,30000,60000
I002488,O00967,B0188,2,33000,66000
I002489,O00968,B0157,1,37000,37000
I002490,O00968,B0105,2,34000,68000
I002491,O00969,B0107,1,31000,31000
I002492,O00970,B0047,2,42000,84000
I002493,O00970,B0126,1,28000,28000
I002494,O00970,B0084,1,31000,31000
I002495,O00971,B0058,1,33000,33000
I002496,O00971,B0017,1,17000,17000
I002497,O00971,B0038,1,32000,32000
I002498,O00971,B0188,3,33000,99000
I002499,O00972,B0087,3,22000,66000
I002500,O00972,B0054,1,18000,18000
I002501,O00972,B0074,3,34000,102000
I002502,O00972,B0134,3,29000,87000
I002503,O00973,B0157,1,37000,37000
I002504,O00974,B0132,1,34000,34000
I002505,O00974,B0061,1,32000,32000
I002506,O00975,B0118,1,26000,26000
I002507,O00975,B0120,1,38000,38000
I002508,O00975,B0061,2,32000,64000
I002509,O00975,B0157,1,37000,37000
I002510,O00976,B0063,1,28000,28000
I002511,O00976,B0154,1,28000,28000
I002512,O00977,B0104,2,40000,80000
I002513,O00977,B0084,2,31000,62000
I002514,O00978,B0147,1,43000,43000
I002515,O00979,B0139,2,20000,40000
I002516,O00980,B0080,1,16000,16000
I002517,O00980,B0010,3,12000,36000
I002518,O00981,B0027,2,39000,78000
I002519,O00981,B0195,1,14000,14000
I002520,O00982,B0094,3,29000,87000
I002521,O00982,B0048,2,11000,22000
I002522,O00982,B0182,2,17000,34000
I002523,O00983,B0070,3,26000,78000
I002524,O00984,B0108,2,31000,62000
I002525,O00984,B0198,1,38000,38000
I002526,O00984,B0160,2,33000,66000
I002527,O00985,B0129,1,38000,38000
I002528,O00986,B0192,1,40000,40000
I002529,O00986,B0097,1,38000,38000
I002530,O00986,B0114,3,36000,108000
I002531,O00987,B0170,3,34000,102000
I002532,O00987,B0128,2,30000,60000
I002533,O00987,B0161,1,30000,30000
I002534,O00987,B0112,3,33000,99000
I002535,O00988,B0136,1,41000,41000
I002536,O00988,B0079,1,25000,25000
I002537,O00989,B0105,1,34000,34000
I002538,O00989,B0128,2,30000,60000
I002539,O00990,B0033,1,40000,40000
I002540,O00991,B0152,1,37000,37000
I002541,O00991,B0057,1,42000,42000
I002542,O00991,B0095,3,9000,27000
I002543,O00991,B0165,1,36000,36000
I002544,O00992,B0006,1,16000,16000
I002545,O00992,B0196,1,19000,19000
I002546,O00992,B0189,1,38000,38000
I002547,O00993,B0001,1,13000,13000
I002548,O00993,B0172,3,42000,126000
I002549,O00993,B0187,2,36000,72000
I002550,O00994,B0044,1,10000,10000
I002551,O00994,B0152,2,37000,74000
I002552,O00995,B0126,1,28000,28000
I002553,O00995,B0136,2,41000,82000
I002554,O00995,B0084,3,31000,93000
I002555,O00996,B0168,1,27000,27000
I002556,O00996,B0021,3,18000,54000
I002557,O00996,B0034,1,44000,44000
I002558,O00996,B0060,2,37000,74000
I002559,O00997,B0182,1,17000,17000
I002560,O00997,B0059,1,20000,20000
I002561,O00997,B0171,1,35000,35000
I002562,O00998,B0146,1,24000,24000
I002563,O00998,B0042,1,22000,22000
I002564,O00998,B0183,1,22000,22000
I002565,O00999,B0103,1,13000,13000
I002566,O00999,B0159,1,17000,17000
I002567,O01000,B0005,1,9000,9000
I002568,O01001,B0017,1,17000,17000
I002569,O01001,B0160,1,33000,33000
I002570,O01002,B0012,2,44000,88000
I002571,O01002,B0036,3,28000,84000
I002572,O01002,B0048,1,11000,11000
I002573,O01002,B0080,1,16000,16000
I002574,O01003,B0117,3,25000,75000
I002575,O01003,B0087,1,22000,22000
I002576,O01003,B0016,1,19000,19000
I002577,O01003,B0015,1,23000,23000
I002578,O01004,B0126,1,28000,28000
I002579,O01005,B0181,3,30000,90000
I002580,O01005,B0173,1,31000,31000
I002581,O01006,B0155,3,41000,123000
I002582,O01007,B0051,3,9000,27000
I002583,O01008,B0097,1,38000,38000
I002584,O01008,B0028,1,36000,36000
I002585,O01009,B0171,1,35000,35000
I002586,O01009,B0045,1,27000,27000
I002587,O01009,B0061,2,32000,64000
I002588,O01009,B0023,1,14000,14000
I002589,O01010,B0087,3,22000,66000
I002590,O01011,B0008,2,36000,72000
I002591,O01011,B0091,2,35000,70000
I002592,O01011,B0063,1,28000,28000
I002593,O01012,B0096,1,34000,34000
I002594,O01012,B0029,3,16000,48000
I002595,O01013,B0129,1,38000,38000
I002596,O01013,B0013,2,19000,38000
I002597,O01013,B0015,1,23000,23000
I002598,O01014,B0142,2,43000,86000
I002599,O01014,B0022,1,22000,22000
I002600,O01014,B0073,1,11000,11000
I002601,O01014,B0111,1,19000,19000
I002602,O01015,B0135,1,27000,27000
I002603,O01016,B0133,1,9000,9000
I002604,O01016,B0080,1,16000,16000
I002605,O01016,B0168,1,27000,27000
I002606,O01017,B0159,2,17000,34000
I002607,O01017,B0188,1,33000,33000
I002608,O01017,B0132,1,34000,34000
I002609,O01017,B0080,1,16000,16000
I002610,O01018,B0047,2,42000,84000
I002611,O01018,B0137,1,18000,18000
I002612,O01018,B0043,1,44000,44000
I002613,O01018,B0132,3,34000,102000
I002614,O01019,B0036,1,28000,28000
I002615,O01019,B0149,3,44000,132000
I002616,O01020,B0103,1,13000,13000
I002617,O01021,B0106,1,21000,21000
I002618,O01021,B0159,1,17000,17000
I002619,O01021,B0088,2,43000,86000
I002620,O01021,B0040,1,17000,17000
I002621,O01022,B0018,3,25000,75000
I002622,O01022,B0051,1,9000,9000
I002623,O01022,B0160,1,33000,33000
I002624,O01022,B0016,1,19000,19000
I002625,O01023,B0122,2,12000,24000
I002626,O01023,B0184,2,41000,82000
I002627,O01023,B0191,1,19000,19000
I002628,O01023,B0175,1,12000,12000
I002629,O01024,B0093,1,15000,15000
I002630,O01024,B0004,1,37000,37000
I002631,O01024,B0112,1,33000,33000
I002632,O01025,B0058,3,33000,99000
I002633,O01025,B0123,3,41000,123000
I002634,O01026,B0035,2,31000,62000
I002635,O01026,B0180,1,29000,29000
I002636,O01026,B0143,3,24000,72000
I002637,O01026,B0158,3,26000,78000
I002638,O01027,B0099,3,18000,54000
I002639,O01027,B0103,3,13000,39000
I002640,O01027,B0058,1,33000,33000
I002641,O01028,B0045,1,27000,27000
I002642,O01028,B0113,1,40000,40000
I002643,O01028,B0105,3,34000,102000
I002644,O01028,B0067,1,35000,35000
I002645,O01029,B0162,1,27000,27000
I002646,O01029,B0195,2,14000,28000
I002647,O01029,B0045,2,27000,54000
I002648,O01030,B0189,2,38000,76000
I002649,O01031,B0196,3,19000,57000
I002650,O01031,B0126,2,28000,56000
I002651,O01031,B0069,2,25000,50000
I002652,O01032,B0125,1,37000,37000
I002653,O01032,B0005,1,9000,9000
I002654,O01033,B0161,1,30000,30000
I002655,O01033,B0155,2,41000,82000
I002656,O01033,B0151,3,12000,36000
I002657,O01033,B0133,2,9000,18000
I002658,O01034,B0073,1,11000,11000
I002659,O01035,B0150,1,15000,15000
I002660,O01036,B0164,1,31000,31000
I002661,O01036,B0187,1,36000,36000
I002662,O01036,B0084,1,31000,31000
I002663,O01036,B0125,1,37000,37000
I002664,O01037,B0018,2,25000,50000
I002665,O01037,B0188,1,33000,33000
I002666,O01037,B0072,1,29000,29000
I002667,O01038,B0139,2,20000,40000
I002668,O01038,B0048,3,11000,33000
I002669,O01039,B0194,1,21000,21000
I002670,O01040,B0162,1,27000,27000
I002671,O01040,B0168,1,27000,27000
I002672,O01040,B0095,2,9000,18000
I002673,O01040,B0031,2,15000,30000
I002674,O01041,B0188,1,33000,33000
I002675,O01041,B0093,3,15000,45000
I002676,O01042,B0086,1,21000,21000
I002677,O01042,B0015,1,23000,23000
I002678,O01042,B0112,1,33000,33000
I002679,O01043,B0061,1,32000,32000
I002680,O01044,B0117,1,25000,25000
I002681,O01045,B0179,1,33000,33000
I002682,O01045,B0003,1,29000,29000
I002683,O01045,B0184,1,41000,41000
I002684,O01046,B0128,1,30000,30000
I002685,O01046,B0180,2,29000,58000
I002686,O01047,B0135,1,27000,27000
I002687,O01048,B0182,3,17000,51000
I002688,O01048,B0150,1,15000,15000
I002689,O01048,B0086,1,21000,21000
I002690,O01048,B0198,2,38000,76000
I002691,O01049,B0114,2,36000,72000
I002692,O01049,B0141,1,13000,13000
I002693,O01049,B0194,1,21000,21000
I002694,O01049,B0169,2,24000,48000
I002695,O01050,B0100,1,15000,15000
I002696,O01050,B0110,3,15000,45000
I002697,O01050,B0179,1,33000,33000
I002698,O01050,B0064,3,18000,54000
I002699,O01051,B0005,1,9000,9000
I002700,O01051,B0052,1,35000,35000
I002701,O01051,B0021,1,18000,18000
I002702,O01052,B0096,2,34000,68000
I002703,O01053,B0038,2,32000,64000
I002704,O01053,B0197,2,28000,56000
I002705,O01054,B0102,2,39000,78000
I002706,O01054,B0175,1,12000,12000
I002707,O01054,B0189,2,38000,76000
I002708,O01055,B0037,1,20000,20000
I002709,O01055,B0094,1,29000,29000
I002710,O01055,B0173,1,31000,31000
I002711,O01056,B0013,1,19000,19000
I002712,O01056,B0038,1,32000,32000
I002713,O01057,B0007,1,42000,42000
I002714,O01057,B0018,2,25000,50000
I002715,O01057,B0026,1,18000,18000
I002716,O01057,B0072,1,29000,29000
I002717,O01058,B0103,1,13000,13000
I002718,O01058,B0043,2,44000,88000
I002719,O01058,B0089,2,44000,88000
I002720,O01058,B0017,1,17000,17000
I002721,O01059,B0180,1,29000,29000
I002722,O01059,B0031,1,15000,15000
I002723,O01060,B0102,2,39000,78000
I002724,O01060,B0069,1,25000,25000
I002725,O01060,B0070,1,26000,26000
I002726,O01061,B0118,3,26000,78000
I002727,O01061,B0155,1,41000,41000
I002728,O01061,B0192,3,40000,120000
I002729,O01061,B0055,1,14000,14000
I002730,O01062,B0105,1,34000,34000
I002731,O01062,B0081,2,31000,62000
I002732,O01062,B0158,2,26000,52000
I002733,O01062,B0025,1,41000,41000
I002734,O01063,B0016,3,19000,57000
I002735,O01064,B0039,2,30000,60000
I002736,O01064,B0113,2,40000,80000
I002737,O01064,B0128,2,30000,60000
I002738,O01065,B0146,2,24000,48000
I002739,O01066,B0094,1,29000,29000
I002740,O01066,B0136,1,41000,41000
I002741,O01066,B0110,1,15000,15000
I002742,O01067,B0093,2,15000,30000
I002743,O01067,B0195,1,14000,14000
I002744,O01067,B0023,2,14000,28000
I002745,O01068,B0157,3,37000,111000
I002746,O01068,B0109,3,11000,33000
I002747,O01069,B0146,2,24000,48000
I002748,O01069,B0086,1,21000,21000
I002749,O01069,B0042,2,22000,44000
I002750,O01069,B0036,1,28000,28000
I002751,O01070,B0084,3,31000,93000
I002752,O01070,B0104,1,40000,40000
I002753,O01070,B0128,1,30000,30000
I002754,O01070,B0134,1,29000,29000
I002755,O01071,B0140,1,28000,28000
I002756,O01071,B0066,2,30000,60000
I002757,O01071,B0188,1,33000,33000
I002758,O01072,B0073,1,11000,11000
I002759,O01072,B0125,1,37000,37000
I002760,O01072,B0127,2,16000,32000
I002761,O01072,B0182,2,17000,34000
I002762,O01073,B0084,3,31000,93000
I002763,O01073,B0017,1,17000,17000
I002764,O01073,B0073,1,11000,11000
I002765,O01074,B0075,1,18000,18000
I002766,O01075,B0040,1,17000,17000
I002767,O01075,B0165,1,36000,36000
I002768,O01075,B0169,1,24000,24000
I002769,O01075,B0130,1,37000,37000
I002770,O01076,B0042,1,22000,22000
I002771,O01076,B0200,1,44000,44000
I002772,O01077,B0037,1,20000,20000
I002773,O01077,B0159,1,17000,17000
I002774,O01077,B0168,1,27000,27000
I002775,O01078,B0025,1,41000,41000
I002776,O01078,B0119,1,36000,36000
I002777,O01079,B0037,1,20000,20000
I002778,O01080,B0100,1,15000,15000
I002779,O01080,B0013,1,19000,19000
I002780,O01081,B0115,2,9000,18000
I002781,O01081,B0050,3,17000,51000
I002782,O01081,B0119,1,36000,36000
I002783,O01082,B0045,1,27000,27000
I002784,O01082,B0129,1,38000,38000
I002785,O01083,B0110,1,15000,15000
I002786,O01083,B0141,1,13000,13000
I002787,O01083,B0161,1,30000,30000
I002788,O01083,B0023,3,14000,42000
I002789,O01084,B0014,1,29000,29000
I002790,O01085,B0172,2,42000,84000
I002791,O01085,B0115,3,9000,27000
I002792,O01086,B0071,2,42000,84000
I002793,O01087,B0096,1,34000,34000
I002794,O01087,B0119,2,36000,72000
I002795,O01088,B0118,1,26000,26000
I002796,O01089,B0145,1,40000,40000
I002797,O01089,B0102,1,39000,39000
I002798,O01089,B0177,3,24000,72000
I002799,O01089,B0190,2,37000,74000
I002800,O01090,B0055,1,14000,14000
I002801,O01090,B0093,1,15000,15000
I002802,O01090,B0195,2,14000,28000
I002803,O01090,B0098,1,26000,26000
I002804,O01091,B0064,2,18000,36000
I002805,O01091,B0110,1,15000,15000
I002806,O01091,B0006,1,16000,16000
I002807,O01091,B0128,3,30000,90000
I002808,O01092,B0176,3,38000,114000
I002809,O01092,B0057,2,42000,84000
I002810,O01092,B0019,2,26000,52000
I002811,O01093,B0153,3,20000,60000
I002812,O01093,B0065,1,25000,25000
I002813,O01093,B0089,1,44000,44000
I002814,O01094,B0161,3,30000,90000
I002815,O01094,B0021,1,18000,18000
I002816,O01094,B0115,3,9000,27000
I002817,O01094,B0006,2,16000,32000
I002818,O01095,B0028,1,36000,36000
I002819,O01095,B0006,3,16000,48000
I002820,O01095,B0166,2,43000,86000
I002821,O01095,B0048,3,11000,33000
I002822,O01096,B0166,3,43000,129000
I002823,O01096,B0053,1,9000,9000
I002824,O01096,B0010,1,12000,12000
I002825,O01096,B0193,2,26000,52000
I002826,O01097,B0163,1,29000,29000
I002827,O01097,B0184,1,41000,41000
I002828,O01097,B0050,1,17000,17000
I002829,O01097,B0146,2,24000,48000
I002830,O01098,B0093,2,15000,30000
I002831,O01098,B0075,1,18000,18000
I002832,O01098,B0123,2,41000,82000
I002833,O01098,B0037,3,20000,60000
I002834,O01099,B0163,1,29000,29000
I002835,O01099,B0158,1,26000,26000
I002836,O01099,B0160,1,33000,33000
I002837,O01100,B0164,1,31000,31000
I002838,O01100,B0085,1,39000,39000
I002839,O01101,B0050,3,17000,51000
I002840,O01101,B0101,2,31000,62000
I002841,O01101,B0114,1,36000,36000
I002842,O01102,B0186,2,35000,70000
I002843,O01102,B0195,1,14000,14000
I002844,O01102,B0066,1,30000,30000
I002845,O01103,B0041,1,27000,27000
I002846,O01103,B0171,3,35000,105000
I002847,O01104,B0014,1,29000,29000
I002848,O01105,B0112,1,33000,33000
I002849,O01106,B0130,2,37000,74000
I002850,O01106,B0162,1,27000,27000
I002851,O01107,B0059,1,20000,20000
I002852,O01107,B0099,1,18000,18000
I002853,O01108,B0075,2,18000,36000
I002854,O01109,B0135,1,27000,27000
I002855,O01109,B0128,2,30000,60000
I002856,O01109,B0091,2,35000,70000
I002857,O01110,B0126,1,28000,28000
I002858,O01110,B0035,1,31000,31000
I002859,O01111,B0124,1,19000,19000
I002860,O01111,B0165,2,36000,72000
I002861,O01111,B0166,1,43000,43000
I002862,O01112,B0129,3,38000,114000
I002863,O01112,B0137,3,18000,54000
I002864,O01112,B0118,3,26000,78000
I002865,O01113,B0022,3,22000,66000
I002866,O01114,B0126,2,28000,56000
I002867,O01114,B0078,1,16000,16000
I002868,O01115,B0080,2,16000,32000
I002869,O01115,B0061,2,32000,64000
I002870,O01115,B0041,1,27000,27000
I002871,O01115,B0120,1,38000,38000
I002872,O01116,B0148,1,19000,19000
I002873,O01117,B0049,1,36000,36000
I002874,O01117,B0024,1,36000,36000
I002875,O01118,B0116,2,44000,88000
I002876,O01119,B0136,1,41000,41000
I002877,O01119,B0110,1,15000,15000
I002878,O01120,B0135,1,27000,27000
I002879,O01121,B0138,1,40000,40000
I002880,O01121,B0074,1,34000,34000
I002881,O01121,B0115,2,9000,18000
I002882,O01121,B0025,1,41000,41000
I002883,O01122,B0133,3,9000,27000
I002884,O01122,B0109,1,11000,11000
I002885,O01123,B0135,1,27000,27000
I002886,O01123,B0083,1,20000,20000
I002887,O01123,B0004,1,37000,37000
I002888,O01124,B0101,1,31000,31000
I002889,O01124,B0166,1,43000,43000
I002890,O01125,B0050,1,17000,17000
I002891,O01125,B0052,3,35000,105000
I002892,O01125,B0192,2,40000,80000
I002893,O01126,B0131,1,16000,16000
I002894,O01126,B0182,3,17000,51000
I002895,O01126,B0113,3,40000,120000
I002896,O01127,B0111,2,19000,38000
I002897,O01127,B0194,2,21000,42000
I002898,O01127,B0152,1,37000,37000
I002899,O01127,B0040,2,17000,34000
I002900,O01128,B0035,1,31000,31000
I002901,O01128,B0022,1,22000,22000
I002902,O01128,B0140,1,28000,28000
I002903,O01129,B0037,1,20000,20000
I002904,O01129,B0105,1,34000,34000
I002905,O01130,B0035,1,31000,31000
I002906,O01130,B0134,2,29000,58000
I002907,O01130,B0062,1,26000,26000
I002908,O01131,B0076,3,9000,27000
I002909,O01131,B0057,1,42000,42000
I002910,O01131,B0079,2,25000,50000
I002911,O01132,B0160,1,33000,33000
I002912,O01133,B0171,1,35000,35000
I002913,O01133,B0195,1,14000,14000
I002914,O01133,B0103,1,13000,13000
I002915,O01134,B0189,1,38000,38000
I002916,O01134,B0138,1,40000,40000
I002917,O01135,B0049,1,36000,36000
I002918,O01135,B0166,1,43000,43000
I002919,O01135,B0174,3,31000,93000
I002920,O01135,B0089,1,44000,44000
I002921,O01136,B0123,1,41000,41000
I002922,O01136,B0099,1,18000,18000
I002923,O01137,B0046,1,37000,37000
I002924,O01137,B0168,2,27000,54000
I002925,O01137,B0117,1,25000,25000
I002926,O01137,B0160,1,33000,33000
I002927,O01138,B0030,3,9000,27000
I002928,O01139,B0029,1,16000,16000
I002929,O01139,B0152,3,37000,111000
I002930,O01139,B0160,3,33000,99000
I002931,O01139,B0093,2,15000,30000
I002932,O01140,B0084,1,31000,31000
I002933,O01141,B0078,3,16000,48000
I002934,O01141,B0165,1,36000,36000
I002935,O01141,B0134,1,29000,29000
I002936,O01141,B0107,1,31000,31000
I002937,O01142,B0189,1,38000,38000
I002938,O01143,B0139,1,20000,20000
I002939,O01144,B0069,1,25000,25000
I002940,O01145,B0043,3,44000,132000
I002941,O01146,B0052,3,35000,105000
I002942,O01147,B0185,1,13000,13000
I002943,O01147,B0113,1,40000,40000
I002944,O01147,B0150,1,15000,15000
I002945,O01148,B0123,3,41000,123000
I002946,O01149,B0173,3,31000,93000
I002947,O01150,B0090,1,33000,33000
I002948,O01151,B0175,1,12000,12000
I002949,O01152,B0027,2,39000,78000
I002950,O01152,B0080,3,16000,48000
I002951,O01153,B0134,1,29000,29000
I002952,O01153,B0149,1,44000,44000
I002953,O01153,B0173,1,31000,31000
I002954,O01154,B0189,1,38000,38000
I002955,O01154,B0086,1,21000,21000
I002956,O01154,B0128,3,30000,90000
I002957,O01154,B0185,1,13000,13000
I002958,O01155,B0108,1,31000,31000
I002959,O01156,B0128,1,30000,30000
I002960,O01156,B0068,2,36000,72000
I002961,O01157,B0176,1,38000,38000
I002962,O01157,B0084,1,31000,31000
I002963,O01157,B0156,3,35000,105000
I002964,O01157,B0140,1,28000,28000
I002965,O01158,B0083,3,20000,60000
I002966,O01159,B0160,1,33000,33000
I002967,O01160,B0177,3,24000,72000
I002968,O01160,B0091,1,35000,35000
I002969,O01161,B0031,1,15000,15000
I002970,O01161,B0116,2,44000,88000
I002971,O01161,B0021,1,18000,18000
I002972,O01162,B0139,1,20000,20000
I002973,O01162,B0122,1,12000,12000
I002974,O01162,B0086,1,21000,21000
I002975,O01163,B0188,1,33000,33000
I002976,O01164,B0145,1,40000,40000
I002977,O01165,B0159,1,17000,17000
I002978,O01165,B0138,3,40000,120000
I002979,O01165,B0070,2,26000,52000
I002980,O01165,B0154,2,28000,56000
I002981,O01166,B0154,1,28000,28000
I002982,O01167,B0035,1,31000,31000
I002983,O01167,B0139,2,20000,40000
I002984,O01167,B0113,1,40000,40000
I002985,O01168,B0166,1,43000,43000
I002986,O01169,B0056,1,15000,15000
I002987,O01170,B0099,1,18000,18000
I002988,O01170,B0085,1,39000,39000
I002989,O01170,B0048,1,11000,11000
I002990,O01170,B0159,1,17000,17000
I002991,O01171,B0163,1,29000,29000
I002992,O01171,B0064,2,18000,36000
I002993,O01171,B0075,1,18000,18000
I002994,O01172,B0091,1,35000,35000
I002995,O01172,B0024,1,36000,36000
I002996,O01173,B0133,1,9000,9000
I002997,O01173,B0004,1,37000,37000
I002998,O01173,B0096,3,34000,102000
I002999,O01173,B0029,1,16000,16000
I003000,O01174,B0095,3,9000,27000
I003001,O01174,B0013,2,19000,38000
I003002,O01174,B0039,1,30000,30000
I003003,O01174,B0154,1,28000,28000
I003004,O01175,B0119,1,36000,36000
I003005,O01175,B0165,1,36000,36000
I003006,O01176,B0154,1,28000,28000
I003007,O01176,B0145,1,40000,40000
I003008,O01176,B0099,2,18000,36000
I003009,O01176,B0016,1,19000,19000
I003010,O01177,B0076,1,9000,9000
I003011,O01177,B0051,1,9000,9000
I003012,O01177,B0128,1,30000,30000
I003013,O01178,B0184,2,41000,82000
I003014,O01178,B0068,1,36000,36000
I003015,O01179,B0186,1,35000,35000
I003016,O01180,B0144,3,19000,57000
I003017,O01181,B0080,2,16000,32000
I003018,O01182,B0162,1,27000,27000
I003019,O01182,B0160,2,33000,66000
I003020,O01182,B0027,1,39000,39000
I003021,O01183,B0056,1,15000,15000
I003022,O01183,B0034,1,44000,44000
I003023,O01183,B0130,1,37000,37000
I003024,O01183,B0133,1,9000,9000
I003025,O01184,B0156,1,35000,35000
I003026,O01184,B0029,2,16000,32000
I003027,O01185,B0026,2,18000,36000
I003028,O01185,B0200,1,44000,44000
I003029,O01186,B0172,1,42000,42000
I003030,O01187,B0175,2,12000,24000
I003031,O01187,B0137,1,18000,18000
I003032,O01188,B0061,1,32000,32000
I003033,O01188,B0101,1,31000,31000
I003034,O01189,B0089,3,44000,132000
I003035,O01190,B0018,3,25000,75000
I003036,O01190,B0073,3,11000,33000
I003037,O01190,B0085,1,39000,39000
I003038,O01191,B0164,2,31000,62000
I003039,O01192,B0169,1,24000,24000
I003040,O01192,B0118,1,26000,26000
I003041,O01192,B0162,2,27000,54000
I003042,O01192,B0190,1,37000,37000
I003043,O01193,B0100,1,15000,15000
I003044,O01193,B0138,1,40000,40000
I003045,O01194,B0031,2,15000,30000
I003046,O01194,B0145,1,40000,40000
I003047,O01195,B0167,1,24000,24000
I003048,O01195,B0086,3,21000,63000
I003049,O01195,B0096,1,34000,34000
I003050,O01195,B0053,1,9000,9000
I003051,O01196,B0199,2,33000,66000
I003052,O01196,B0181,1,30000,30000
I003053,O01196,B0105,2,34000,68000
I003054,O01196,B0129,1,38000,38000
I003055,O01197,B0084,1,31000,31000
I003056,O01197,B0128,1,30000,30000
I003057,O01198,B0060,1,37000,37000
I003058,O01199,B0179,1,33000,33000
I003059,O01199,B0037,1,20000,20000
I003060,O01199,B0183,2,22000,44000
I003061,O01199,B0106,1,21000,21000
I003062,O01200,B0181,2,30000,60000
I003063,O01201,B0169,1,24000,24000
I003064,O01201,B0012,1,44000,44000
I003065,O01202,B0023,1,14000,14000
I003066,O01203,B0132,2,34000,68000
I003067,O01203,B0103,3,13000,39000
I003068,O01203,B0007,2,42000,84000
I003069,O01204,B0067,1,35000,35000
I003070,O01204,B0157,1,37000,37000
I003071,O01204,B0071,1,42000,42000
I003072,O01204,B0168,1,27000,27000
I003073,O01205,B0084,1,31000,31000
I003074,O01206,B0131,3,16000,48000
I003075,O01206,B0025,1,41000,41000
I003076,O01207,B0121,1,15000,15000
I003077,O01207,B0111,1,19000,19000
I003078,O01207,B0139,3,20000,60000
I003079,O01207,B0041,3,27000,81000
I003080,O01208,B0055,3,14000,42000
I003081,O01209,B0010,1,12000,12000
I003082,O01209,B0116,1,44000,44000
I003083,O01209,B0118,3,26000,78000
I003084,O01209,B0094,1,29000,29000
I003085,O01210,B0109,1,11000,11000
I003086,O01210,B0114,3,36000,108000
I003087,O01211,B0147,1,43000,43000
I003088,O01211,B0145,3,40000,120000
I003089,O01211,B0123,1,41000,41000
I003090,O01211,B0142,1,43000,43000
I003091,O01212,B0168,1,27000,27000
I003092,O01212,B0050,2,17000,34000
I003093,O01212,B0011,2,9000,18000
I003094,O01212,B0164,3,31000,93000
I003095,O01213,B0174,1,31000,31000
I003096,O01213,B0064,3,18000,54000
I003097,O01213,B0004,1,37000,37000
I003098,O01214,B0056,1,15000,15000
I003099,O01214,B0039,1,30000,30000
I003100,O01215,B0197,1,28000,28000
I003101,O01215,B0038,1,32000,32000
I003102,O01215,B0178,1,11000,11000
I003103,O01216,B0033,1,40000,40000
I003104,O01217,B0154,1,28000,28000
I003105,O01217,B0068,3,36000,108000
I003106,O01218,B0025,1,41000,41000
I003107,O01218,B0056,1,15000,15000
I003108,O01219,B0126,1,28000,28000
I003109,O01219,B0012,1,44000,44000
I003110,O01219,B0082,1,23000,23000
I003111,O01220,B0029,1,16000,16000
I003112,O01221,B0056,1,15000,15000
I003113,O01221,B0074,1,34000,34000
I003114,O01221,B0098,1,26000,26000
I003115,O01221,B0198,1,38000,38000
I003116,O01222,B0077,1,14000,14000
I003117,O01222,B0124,1,19000,19000
I003118,O01222,B0185,1,13000,13000
I003119,O01223,B0017,3,17000,51000
I003120,O01223,B0020,1,34000,34000
I003121,O01223,B0070,3,26000,78000
I003122,O01224,B0047,1,42000,42000
I003123,O01224,B0034,1,44000,44000
I003124,O01224,B0158,3,26000,78000
I003125,O01225,B0124,2,19000,38000
I003126,O01225,B0121,1,15000,15000
I003127,O01225,B0154,1,28000,28000
I003128,O01225,B0190,1,37000,37000
I003129,O01226,B0047,3,42000,126000
I003130,O01226,B0063,3,28000,84000
I003131,O01226,B0169,1,24000,24000
I003132,O01226,B0037,1,20000,20000
I003133,O01227,B0088,2,43000,86000
I003134,O01227,B0091,3,35000,105000
I003135,O01227,B0137,2,18000,36000
I003136,O01228,B0132,2,34000,68000
I003137,O01228,B0189,2,38000,76000
I003138,O01228,B0028,1,36000,36000
I003139,O01228,B0141,1,13000,13000
I003140,O01229,B0178,2,11000,22000
I003141,O01230,B0197,1,28000,28000
I003142,O01230,B0138,1,40000,40000
I003143,O01231,B0117,2,25000,50000
I003144,O01231,B0100,3,15000,45000
I003145,O01231,B0007,1,42000,42000
I003146,O01231,B0173,1,31000,31000
I003147,O01232,B0080,1,16000,16000
I003148,O01232,B0189,3,38000,114000
I003149,O01233,B0197,1,28000,28000
I003150,O01233,B0133,1,9000,9000
I003151,O01234,B0113,3,40000,120000
I003152,O01234,B0057,1,42000,42000
I003153,O01234,B0135,3,27000,81000
I003154,O01234,B0046,3,37000,111000
I003155,O01235,B0134,1,29000,29000
I003156,O01236,B0048,1,11000,11000
I003157,O01236,B0129,1,38000,38000
I003158,O01237,B0083,1,20000,20000
I003159,O01237,B0010,2,12000,24000
I003160,O01237,B0160,2,33000,66000
I003161,O01237,B0030,1,9000,9000
I003162,O01238,B0190,1,37000,37000
I003163,O01239,B0130,3,37000,111000
I003164,O01239,B0053,1,9000,9000
I003165,O01239,B0123,1,41000,41000
I003166,O01240,B0044,1,10000,10000
I003167,O01240,B0046,2,37000,74000
I003168,O01240,B0086,1,21000,21000
I003169,O01241,B0138,1,40000,40000
I003170,O01241,B0057,3,42000,126000
I003171,O01241,B0200,2,44000,88000
I003172,O01242,B0121,1,15000,15000
I003173,O01242,B0182,1,17000,17000
I003174,O01242,B0109,1,11000,11000
I003175,O01242,B0185,2,13000,26000
I003176,O01243,B0131,2,16000,32000
I003177,O01243,B0001,3,13000,39000
I003178,O01243,B0195,2,14000,28000
I003179,O01243,B0014,1,29000,29000
I003180,O01244,B0199,1,33000,33000
I003181,O01245,B0105,1,34000,34000
I003182,O01246,B0040,1,17000,17000
I003183,O01247,B0185,2,13000,26000
I003184,O01247,B0056,1,15000,15000
I003185,O01247,B0147,2,43000,86000
I003186,O01248,B0079,1,25000,25000
I003187,O01248,B0061,1,32000,32000
I003188,O01248,B0089,1,44000,44000
I003189,O01248,B0049,2,36000,72000
I003190,O01249,B0022,2,22000,44000
I003191,O01250,B0085,2,39000,78000
I003192,O01251,B0200,2,44000,88000
I003193,O01251,B0068,1,36000,36000
I003194,O01251,B0158,3,26000,78000
I003195,O01252,B0083,3,20000,60000
I003196,O01252,B0084,1,31000,31000
I003197,O01252,B0125,1,37000,37000
I003198,O01252,B0158,1,26000,26000
I003199,O01253,B0003,2,29000,58000
I003200,O01253,B0151,2,12000,24000
I003201,O01253,B0099,1,18000,18000
I003202,O01254,B0171,2,35000,70000
I003203,O01254,B0039,1,30000,30000
I003204,O01254,B0038,3,32000,96000
I003205,O01254,B0046,1,37000,37000
I003206,O01255,B0047,1,42000,42000
I003207,O01256,B0175,1,12000,12000
I003208,O01256,B0042,3,22000,66000
I003209,O01257,B0028,2,36000,72000
I003210,O01257,B0128,1,30000,30000
I003211,O01257,B0141,2,13000,26000
I003212,O01258,B0126,3,28000,84000
I003213,O01259,B0039,2,30000,60000
I003214,O01259,B0056,1,15000,15000
I003215,O01260,B0034,3,44000,132000
I003216,O01260,B0166,1,43000,43000
I003217,O01260,B0051,1,9000,9000
I003218,O01261,B0003,2,29000,58000
I003219,O01261,B0090,1,33000,33000
I003220,O01261,B0159,1,17000,17000
I003221,O01261,B0005,1,9000,9000
I003222,O01262,B0155,3,41000,123000
I003223,O01262,B0164,1,31000,31000
I003224,O01262,B0127,3,16000,48000
I003225,O01263,B0112,1,33000,33000
I003226,O01264,B0186,1,35000,35000
I003227,O01264,B0051,3,9000,27000
I003228,O01264,B0003,1,29000,29000
I003229,O01264,B0179,2,33000,66000
I003230,O01265,B0026,1,18000,18000
I003231,O01265,B0112,1,33000,33000
I003232,O01265,B0188,2,33000,66000
I003233,O01265,B0044,1,10000,10000
I003234,O01266,B0025,1,41000,41000
I003235,O01266,B0127,1,16000,16000
I003236,O01266,B0114,1,36000,36000
I003237,O01267,B0032,1,33000,33000
I003238,O01267,B0001,3,13000,39000
I003239,O01268,B0029,2,16000,32000
I003240,O01269,B0167,1,24000,24000
I003241,O01270,B0032,1,33000,33000
I003242,O01270,B0142,1,43000,43000
I003243,O01270,B0025,1,41000,41000
I003244,O01270,B0147,1,43000,43000
I003245,O01271,B0088,1,43000,43000
I003246,O01272,B0161,1,30000,30000
I003247,O01272,B0010,3,12000,36000
I003248,O01272,B0184,1,41000,41000
I003249,O01273,B0116,3,44000,132000
I003250,O01273,B0026,1,18000,18000
I003251,O01273,B0173,1,31000,31000
I003252,O01273,B0027,2,39000,78000
I003253,O01274,B0084,1,31000,31000
I003254,O01274,B0056,1,15000,15000
I003255,O01274,B0093,2,15000,30000
I003256,O01275,B0105,2,34000,68000
I003257,O01275,B0196,3,19000,57000
I003258,O01276,B0156,1,35000,35000
I003259,O01276,B0016,1,19000,19000
I003260,O01276,B0029,3,16000,48000
I003261,O01277,B0131,3,16000,48000
I003262,O01278,B0074,1,34000,34000
I003263,O01278,B0109,1,11000,11000
I003264,O01279,B0196,1,19000,19000
I003265,O01279,B0046,1,37000,37000
I003266,O01280,B0087,1,22000,22000
I003267,O01281,B0180,3,29000,87000
I003268,O01281,B0127,3,16000,48000
I003269,O01281,B0009,1,24000,24000
I003270,O01282,B0084,3,31000,93000
I003271,O01282,B0011,1,9000,9000
I003272,O01282,B0193,1,26000,26000
I003273,O01282,B0103,3,13000,39000
I003274,O01283,B0064,2,18000,36000
I003275,O01284,B0006,3,16000,48000
I003276,O01285,B0055,1,14000,14000
I003277,O01285,B0189,3,38000,114000
I003278,O01285,B0139,1,20000,20000
I003279,O01286,B0140,1,28000,28000
I003280,O01287,B0030,1,9000,9000
I003281,O01287,B0167,1,24000,24000
I003282,O01287,B0110,3,15000,45000
I003283,O01287,B0155,1,41000,41000
I003284,O01288,B0029,3,16000,48000
I003285,O01288,B0019,3,26000,78000
I003286,O01288,B0183,2,22000,44000
I003287,O01289,B0180,2,29000,58000
I003288,O01289,B0058,2,33000,66000
I003289,O01290,B0128,1,30000,30000
I003290,O01290,B0103,1,13000,13000
I003291,O01290,B0132,1,34000,34000
I003292,O01291,B0127,1,16000,16000
I003293,O01291,B0077,2,14000,28000
I003294,O01291,B0124,2,19000,38000
I003295,O01292,B0011,3,9000,27000
I003296,O01292,B0132,1,34000,34000
I003297,O01293,B0020,1,34000,34000
I003298,O01293,B0177,1,24000,24000
I003299,O01293,B0050,3,17000,51000
I003300,O01294,B0101,1,31000,31000
I003301,O01294,B0054,1,18000,18000
I003302,O01294,B0153,1,20000,20000
I003303,O01294,B0143,3,24000,72000
I003304,O01295,B0085,1,39000,39000
I003305,O01296,B0127,3,16000,48000
I003306,O01297,B0024,3,36000,108000
I003307,O01297,B0040,1,17000,17000
I003308,O01298,B0167,1,24000,24000
I003309,O01298,B0063,3,28000,84000
I003310,O01298,B0135,1,27000,27000
I003311,O01298,B0192,1,40000,40000
I003312,O01299,B0141,1,13000,13000
I003313,O01299,B0062,1,26000,26000
I003314,O01300,B0139,1,20000,20000
I003315,O01301,B0127,3,16000,48000
I003316,O01301,B0125,1,37000,37000
I003317,O01302,B0200,1,44000,44000
I003318,O01302,B0088,2,43000,86000
I003319,O01302,B0109,1,11000,11000
I003320,O01303,B0110,3,15000,45000
I003321,O01303,B0018,3,25000,75000
I003322,O01303,B0090,1,33000,33000
I003323,O01303,B0076,2,9000,18000
I003324,O01304,B0105,3,34000,102000
I003325,O01305,B0166,1,43000,43000
I003326,O01305,B0069,1,25000,25000
I003327,O01306,B0063,2,28000,56000
I003328,O01306,B0133,1,9000,9000
I003329,O01306,B0153,2,20000,40000
I003330,O01307,B0062,2,26000,52000
I003331,O01307,B0118,3,26000,78000
I003332,O01307,B0125,1,37000,37000
I003333,O01307,B0104,1,40000,40000
I003334,O01308,B0009,1,24000,24000
I003335,O01308,B0157,1,37000,37000
I003336,O01308,B0131,2,16000,32000
I003337,O01309,B0114,2,36000,72000
I003338,O01309,B0149,3,44000,132000
I003339,O01310,B0183,1,22000,22000
I003340,O01311,B0077,3,14000,42000
I003341,O01311,B0114,1,36000,36000
I003342,O01311,B0140,3,28000,84000
I003343,O01311,B0031,1,15000,15000
I003344,O01312,B0136,1,41000,41000
I003345,O01312,B0024,1,36000,36000
I003346,O01312,B0134,3,29000,87000
I003347,O01312,B0023,2,14000,28000
I003348,O01313,B0026,2,18000,36000
I003349,O01313,B0092,2,18000,36000
I003350,O01313,B0183,1,22000,22000
I003351,O01314,B0125,3,37000,111000
I003352,O01314,B0173,1,31000,31000
I003353,O01314,B0161,1,30000,30000
I003354,O01315,B0044,3,10000,30000
I003355,O01315,B0011,1,9000,9000
I003356,O01315,B0082,1,23000,23000
I003357,O01316,B0199,2,33000,66000
I003358,O01316,B0049,2,36000,72000
I003359,O01316,B0068,1,36000,36000
I003360,O01317,B0053,1,9000,9000
I003361,O01317,B0008,2,36000,72000
I003362,O01317,B0105,1,34000,34000
I003363,O01318,B0065,1,25000,25000
I003364,O01319,B0200,2,44000,88000
I003365,O01319,B0093,1,15000,15000
I003366,O01319,B0064,1,18000,18000
I003367,O01320,B0109,3,11000,33000
I003368,O01321,B0036,1,28000,28000
I003369,O01321,B0066,1,30000,30000
I003370,O01322,B0006,1,16000,16000
I003371,O01322,B0013,1,19000,19000
I003372,O01322,B0057,1,42000,42000
I003373,O01323,B0027,3,39000,117000
I003374,O01323,B0008,1,36000,36000
I003375,O01323,B0034,1,44000,44000
I003376,O01324,B0159,1,17000,17000
I003377,O01324,B0070,1,26000,26000
I003378,O01324,B0006,3,16000,48000
I003379,O01325,B0024,1,36000,36000
I003380,O01325,B0013,2,19000,38000
I003381,O01325,B0175,2,12000,24000
I003382,O01325,B0048,1,11000,11000
I003383,O01326,B0160,1,33000,33000
I003384,O01326,B0162,1,27000,27000
I003385,O01326,B0007,1,42000,42000
I003386,O01326,B0078,3,16000,48000
I003387,O01327,B0102,2,39000,78000
I003388,O01327,B0175,3,12000,36000
I003389,O01328,B0042,1,22000,22000
I003390,O01328,B0131,2,16000,32000
I003391,O01328,B0005,1,9000,9000
I003392,O01328,B0197,3,28000,84000
I003393,O01329,B0080,1,16000,16000
I003394,O01329,B0161,2,30000,60000
I003395,O01329,B0133,1,9000,9000
I003396,O01329,B0121,3,15000,45000
I003397,O01330,B0061,2,32000,64000
I003398,O01330,B0151,1,12000,12000
I003399,O01330,B0114,3,36000,108000
I003400,O01330,B0043,1,44000,44000
I003401,O01331,B0048,1,11000,11000
I003402,O01331,B0097,3,38000,114000
I003403,O01331,B0040,1,17000,17000
I003404,O01332,B0171,2,35000,70000
I003405,O01332,B0021,1,18000,18000
I003406,O01332,B0119,1,36000,36000
I003407,O01333,B0040,3,17000,51000
I003408,O01333,B0194,1,21000,21000
I003409,O01333,B0021,1,18000,18000
I003410,O01334,B0094,1,29000,29000
I003411,O01334,B0172,3,42000,126000
I003412,O01335,B0060,1,37000,37000
I003413,O01336,B0055,2,14000,28000
I003414,O01336,B0010,1,12000,12000
I003415,O01337,B0032,3,33000,99000
I003416,O01337,B0012,1,44000,44000
I003417,O01337,B0186,1,35000,35000
I003418,O01337,B0185,2,13000,26000
I003419,O01338,B0082,1,23000,23000
I003420,O01338,B0081,1,31000,31000
I003421,O01339,B0002,2,13000,26000
I003422,O01339,B0186,3,35000,105000
I003423,O01340,B0197,1,28000,28000
I003424,O01340,B0127,3,16000,48000
I003425,O01340,B0026,1,18000,18000
I003426,O01340,B0092,2,18000,36000
I003427,O01341,B0073,1,11000,11000
I003428,O01342,B0092,1,18000,18000
I003429,O01342,B0074,1,34000,34000
I003430,O01343,B0002,1,13000,13000
I003431,O01343,B0005,1,9000,9000
I003432,O01343,B0111,1,19000,19000
I003433,O01344,B0107,2,31000,62000
I003434,O01344,B0163,3,29000,87000
I003435,O01344,B0191,1,19000,19000
I003436,O01345,B0174,1,31000,31000
I003437,O01345,B0129,1,38000,38000
I003438,O01345,B0107,3,31000,93000
I003439,O01346,B0136,3,41000,123000
I003440,O01346,B0126,3,28000,84000
I003441,O01346,B0185,2,13000,26000
I003442,O01346,B0119,2,36000,72000
I003443,O01347,B0073,3,11000,33000
I003444,O01347,B0123,2,41000,82000
I003445,O01348,B0080,1,16000,16000
I003446,O01348,B0018,1,25000,25000
I003447,O01349,B0196,3,19000,57000
I003448,O01349,B0011,1,9000,9000
I003449,O01349,B0048,3,11000,33000
I003450,O01350,B0115,1,9000,9000
I003451,O01350,B0025,1,41000,41000
I003452,O01351,B0067,3,35000,105000
I003453,O01351,B0077,1,14000,14000
I003454,O01351,B0057,1,42000,42000
I003455,O01352,B0015,1,23000,23000
I003456,O01353,B0099,3,18000,54000
I003457,O01353,B0071,1,42000,42000
I003458,O01353,B0083,1,20000,20000
I003459,O01354,B0075,1,18000,18000
I003460,O01354,B0146,1,24000,24000
I003461,O01355,B0143,1,24000,24000
I003462,O01355,B0181,1,30000,30000
I003463,O01355,B0128,2,30000,60000
I003464,O01355,B0031,1,15000,15000
I003465,O01356,B0176,1,38000,38000
I003466,O01356,B0018,2,25000,50000
I003467,O01356,B0142,2,43000,86000
I003468,O01357,B0015,3,23000,69000
I003469,O01358,B0178,1,11000,11000
I003470,O01358,B0001,1,13000,13000
I003471,O01358,B0153,1,20000,20000
I003472,O01358,B0078,3,16000,48000
I003473,O01359,B0133,1,9000,9000
I003474,O01360,B0065,1,25000,25000
I003475,O01360,B0063,3,28000,84000
I003476,O01360,B0011,1,9000,9000
I003477,O01360,B0064,1,18000,18000
I003478,O01361,B0002,1,13000,13000
I003479,O01362,B0187,1,36000,36000
I003480,O01363,B0067,1,35000,35000
I003481,O01363,B0026,1,18000,18000
I003482,O01363,B0161,1,30000,30000
I003483,O01363,B0059,1,20000,20000
I003484,O01364,B0074,1,34000,34000
I003485,O01364,B0195,3,14000,42000
I003486,O01364,B0072,1,29000,29000
I003487,O01364,B0060,1,37000,37000
I003488,O01365,B0089,1,44000,44000
I003489,O01365,B0039,2,30000,60000
I003490,O01366,B0134,1,29000,29000
I003491,O01366,B0181,1,30000,30000
I003492,O01367,B0191,1,19000,19000
I003493,O01367,B0054,2,18000,36000
I003494,O01367,B0087,1,22000,22000
I003495,O01368,B0125,1,37000,37000
I003496,O01368,B0076,2,9000,18000
I003497,O01368,B0063,1,28000,28000
I003498,O01369,B0105,2,34000,68000
I003499,O01369,B0147,1,43000,43000
I003500,O01369,B0126,1,28000,28000
I003501,O01370,B0091,3,35000,105000
I003502,O01370,B0090,1,33000,33000
I003503,O01371,B0183,1,22000,22000
I003504,O01371,B0151,1,12000,12000
I003505,O01372,B0040,3,17000,51000
I003506,O01373,B0102,1,39000,39000
I003507,O01374,B0090,3,33000,99000
I003508,O01374,B0019,1,26000,26000
I003509,O01375,B0138,1,40000,40000
I003510,O01375,B0037,2,20000,40000
I003511,O01375,B0053,1,9000,9000
I003512,O01375,B0199,1,33000,33000
I003513,O01376,B0036,3,28000,84000
I003514,O01377,B0143,1,24000,24000
I003515,O01377,B0132,2,34000,68000
I003516,O01377,B0171,1,35000,35000
I003517,O01378,B0122,1,12000,12000
I003518,O01378,B0012,2,44000,88000
I003519,O01379,B0121,1,15000,15000
I003520,O01379,B0051,1,9000,9000
I003521,O01379,B0099,1,18000,18000
I003522,O01379,B0061,3,32000,96000
I003523,O01380,B0115,3,9000,27000
I003524,O01380,B0057,1,42000,42000
I003525,O01380,B0077,2,14000,28000
I003526,O01381,B0177,1,24000,24000
I003527,O01381,B0090,2,33000,66000
I003528,O01381,B0057,1,42000,42000
I003529,O01381,B0166,3,43000,129000
I003530,O01382,B0083,2,20000,40000
I003531,O01383,B0165,1,36000,36000
I003532,O01383,B0146,1,24000,24000
I003533,O01383,B0190,1,37000,37000
I003534,O01383,B0040,1,17000,17000
I003535,O01384,B0195,1,14000,14000
I003536,O01384,B0135,1,27000,27000
I003537,O01384,B0064,1,18000,18000
I003538,O01384,B0099,1,18000,18000
I003539,O01385,B0061,1,32000,32000
I003540,O01385,B0040,2,17000,34000
I003541,O01386,B0064,1,18000,18000
I003542,O01387,B0049,1,36000,36000
I003543,O01388,B0072,1,29000,29000
I003544,O01388,B0092,1,18000,18000
I003545,O01388,B0083,3,20000,60000
I003546,O01388,B0168,1,27000,27000
I003547,O01389,B0143,1,24000,24000
I003548,O01390,B0131,3,16000,48000
I003549,O01390,B0119,2,36000,72000
I003550,O01391,B0116,1,44000,44000
I003551,O01391,B0055,1,14000,14000
I003552,O01391,B0160,1,33000,33000
I003553,O01392,B0131,2,16000,32000
I003554,O01392,B0080,2,16000,32000
I003555,O01393,B0074,1,34000,34000
I003556,O01393,B0138,3,40000,120000
I003557,O01393,B0091,1,35000,35000
I003558,O01394,B0048,3,11000,33000
I003559,O01395,B0091,1,35000,35000
I003560,O01395,B0020,3,34000,102000
I003561,O01395,B0043,2,44000,88000
I003562,O01396,B0070,1,26000,26000
I003563,O01397,B0103,2,13000,26000
I003564,O01398,B0108,1,31000,31000
I003565,O01398,B0115,1,9000,9000
I003566,O01398,B0200,1,44000,44000
I003567,O01398,B0022,2,22000,44000
I003568,O01399,B0032,1,33000,33000
I003569,O01399,B0164,1,31000,31000
I003570,O01399,B0019,1,26000,26000
I003571,O01400,B0192,1,40000,40000
I003572,O01400,B0150,3,15000,45000
I003573,O01401,B0022,2,22000,44000
I003574,O01401,B0093,3,15000,45000
I003575,O01402,B0080,3,16000,48000
I003576,O01402,B0172,2,42000,84000
I003577,O01403,B0180,3,29000,87000
I003578,O01403,B0154,1,28000,28000
I003579,O01403,B0077,1,14000,14000
I003580,O01404,B0131,1,16000,16000
I003581,O01405,B0122,1,12000,12000
I003582,O01405,B0024,1,36000,36000
I003583,O01405,B0133,3,9000,27000
I003584,O01406,B0161,1,30000,30000
I003585,O01406,B0153,2,20000,40000
I003586,O01406,B0101,3,31000,93000
I003587,O01407,B0074,2,34000,68000
I003588,O01408,B0023,3,14000,42000
I003589,O01409,B0122,3,12000,36000
I003590,O01409,B0061,1,32000,32000
I003591,O01409,B0002,2,13000,26000
I003592,O01409,B0143,2,24000,48000
I003593,O01410,B0189,1,38000,38000
I003594,O01410,B0164,1,31000,31000
I003595,O01410,B0077,2,14000,28000
I003596,O01411,B0160,3,33000,99000
I003597,O01411,B0129,1,38000,38000
I003598,O01412,B0067,1,35000,35000
I003599,O01413,B0052,1,35000,35000
I003600,O01413,B0109,2,11000,22000
I003601,O01413,B0191,3,19000,57000
I003602,O01413,B0005,1,9000,9000
I003603,O01414,B0191,3,19000,57000
I003604,O01415,B0033,1,40000,40000
I003605,O01415,B0015,1,23000,23000
I003606,O01415,B0108,2,31000,62000
I003607,O01416,B0118,3,26000,78000
I003608,O01416,B0125,1,37000,37000
I003609,O01416,B0042,2,22000,44000
I003610,O01417,B0024,1,36000,36000
I003611,O01417,B0184,1,41000,41000
I003612,O01417,B0175,3,12000,36000
I003613,O01417,B0193,1,26000,26000
I003614,O01418,B0183,1,22000,22000
I003615,O01418,B0120,3,38000,114000
I003616,O01419,B0155,3,41000,123000
I003617,O01419,B0190,1,37000,37000
I003618,O01419,B0014,1,29000,29000
I003619,O01419,B0118,1,26000,26000
I003620,O01420,B0026,3,18000,54000
I003621,O01421,B0013,2,19000,38000
I003622,O01421,B0062,1,26000,26000
I003623,O01421,B0132,1,34000,34000
I003624,O01421,B0168,2,27000,54000
I003625,O01422,B0107,1,31000,31000
I003626,O01423,B0178,2,11000,22000
I003627,O01423,B0008,2,36000,72000
I003628,O01423,B0098,2,26000,52000
I003629,O01424,B0054,1,18000,18000
I003630,O01424,B0097,1,38000,38000
I003631,O01425,B0061,1,32000,32000
I003632,O01426,B0047,1,42000,42000
I003633,O01427,B0145,2,40000,80000
I003634,O01427,B0151,1,12000,12000
I003635,O01427,B0005,2,9000,18000
I003636,O01428,B0097,1,38000,38000
I003637,O01429,B0069,1,25000,25000
I003638,O01429,B0022,1,22000,22000
I003639,O01429,B0082,2,23000,46000
I003640,O01430,B0049,1,36000,36000
I003641,O01430,B0034,2,44000,88000
I003642,O01430,B0179,1,33000,33000
I003643,O01430,B0068,1,36000,36000
I003644,O01431,B0066,1,30000,30000
I003645,O01431,B0108,1,31000,31000
I003646,O01431,B0077,2,14000,28000
I003647,O01431,B0168,1,27000,27000
I003648,O01432,B0156,1,35000,35000
I003649,O01432,B0138,1,40000,40000
I003650,O01432,B0182,2,17000,34000
I003651,O01432,B0142,3,43000,129000
I003652,O01433,B0106,1,21000,21000
I003653,O01433,B0197,1,28000,28000
I003654,O01434,B0084,3,31000,93000
I003655,O01434,B0189,3,38000,114000
I003656,O01435,B0182,3,17000,51000
I003657,O01436,B0071,1,42000,42000
I003658,O01436,B0199,1,33000,33000
I003659,O01436,B0153,1,20000,20000
I003660,O01437,B0031,2,15000,30000
I003661,O01437,B0165,1,36000,36000
I003662,O01437,B0166,1,43000,43000
I003663,O01437,B0175,2,12000,24000
I003664,O01438,B0108,1,31000,31000
I003665,O01438,B0079,2,25000,50000
I003666,O01439,B0067,2,35000,70000
I003667,O01439,B0129,1,38000,38000
I003668,O01439,B0150,1,15000,15000
I003669,O01439,B0081,1,31000,31000
I003670,O01440,B0136,3,41000,123000
I003671,O01440,B0071,2,42000,84000
I003672,O01440,B0017,1,17000,17000
I003673,O01440,B0116,1,44000,44000
I003674,O01441,B0031,1,15000,15000
I003675,O01441,B0005,1,9000,9000
I003676,O01441,B0160,3,33000,99000
I003677,O01441,B0188,3,33000,99000
I003678,O01442,B0159,1,17000,17000
I003679,O01442,B0008,3,36000,108000
I003680,O01443,B0058,1,33000,33000
I003681,O01443,B0003,1,29000,29000
I003682,O01444,B0040,1,17000,17000
I003683,O01444,B0034,1,44000,44000
I003684,O01445,B0138,3,40000,120000
I003685,O01445,B0143,1,24000,24000
I003686,O01445,B0140,1,28000,28000
I003687,O01445,B0150,1,15000,15000
I003688,O01446,B0128,1,30000,30000
I003689,O01447,B0153,3,20000,60000
I003690,O01448,B0102,3,39000,117000
I003691,O01448,B0169,2,24000,48000
I003692,O01449,B0091,3,35000,105000
I003693,O01449,B0048,2,11000,22000
I003694,O01450,B0040,3,17000,51000
I003695,O01450,B0074,1,34000,34000
I003696,O01451,B0008,1,36000,36000
I003697,O01452,B0179,1,33000,33000
I003698,O01452,B0037,1,20000,20000
I003699,O01453,B0036,1,28000,28000
I003700,O01453,B0112,1,33000,33000
I003701,O01453,B0109,1,11000,11000
I003702,O01454,B0044,1,10000,10000
I003703,O01454,B0153,1,20000,20000
I003704,O01455,B0149,1,44000,44000
I003705,O01455,B0104,1,40000,40000
I003706,O01456,B0018,2,25000,50000
I003707,O01456,B0189,1,38000,38000
I003708,O01457,B0007,3,42000,126000
I003709,O01457,B0189,1,38000,38000
I003710,O01458,B0024,1,36000,36000
I003711,O01459,B0186,2,35000,70000
I003712,O01460,B0160,3,33000,99000
I003713,O01460,B0124,3,19000,57000
I003714,O01460,B0132,1,34000,34000
I003715,O01461,B0003,1,29000,29000
I003716,O01462,B0068,1,36000,36000
I003717,O01462,B0174,1,31000,31000
I003718,O01462,B0168,1,27000,27000
I003719,O01462,B0145,1,40000,40000
I003720,O01463,B0152,1,37000,37000
I003721,O01463,B0141,1,13000,13000
I003722,O01464,B0005,1,9000,9000
I003723,O01465,B0092,2,18000,36000
I003724,O01465,B0130,3,37000,111000
I003725,O01465,B0143,2,24000,48000
I003726,O01465,B0157,1,37000,37000
I003727,O01466,B0174,3,31000,93000
I003728,O01466,B0105,3,34000,102000
I003729,O01466,B0199,1,33000,33000
I003730,O01466,B0163,1,29000,29000
I003731,O01467,B0108,1,31000,31000
I003732,O01467,B0029,1,16000,16000
I003733,O01467,B0072,2,29000,58000
I003734,O01467,B0042,1,22000,22000
I003735,O01468,B0118,2,26000,52000
I003736,O01469,B0003,1,29000,29000
I003737,O01469,B0127,1,16000,16000
I003738,O01469,B0153,2,20000,40000
I003739,O01469,B0199,1,33000,33000
I003740,O01470,B0060,1,37000,37000
I003741,O01471,B0183,1,22000,22000
I003742,O01471,B0096,1,34000,34000
I003743,O01472,B0116,1,44000,44000
I003744,O01472,B0095,1,9000,9000
I003745,O01472,B0130,3,37000,111000
I003746,O01473,B0132,1,34000,34000
I003747,O01474,B0111,1,19000,19000
I003748,O01474,B0171,3,35000,105000
I003749,O01474,B0085,2,39000,78000
I003750,O01475,B0167,2,24000,48000
I003751,O01475,B0041,3,27000,81000
I003752,O01475,B0040,1,17000,17000
I003753,O01476,B0180,1,29000,29000
I003754,O01477,B0008,1,36000,36000
I003755,O01477,B0091,3,35000,105000
I003756,O01477,B0068,1,36000,36000
I003757,O01478,B0100,3,15000,45000
I003758,O01479,B0039,1,30000,30000
I003759,O01479,B0095,1,9000,9000
I003760,O01480,B0141,1,13000,13000
I003761,O01481,B0020,3,34000,102000
I003762,O01481,B0004,1,37000,37000
I003763,O01482,B0075,2,18000,36000
I003764,O01482,B0158,3,26000,78000
I003765,O01483,B0107,1,31000,31000
I003766,O01483,B0126,2,28000,56000
I003767,O01483,B0165,1,36000,36000
I003768,O01483,B0005,1,9000,9000
I003769,O01484,B0180,1,29000,29000
I003770,O01485,B0016,3,19000,57000
I003771,O01485,B0042,1,22000,22000
I003772,O01486,B0155,1,41000,41000
I003773,O01486,B0158,2,26000,52000
I003774,O01487,B0060,1,37000,37000
I003775,O01487,B0116,1,44000,44000
I003776,O01488,B0150,3,15000,45000
I003777,O01489,B0174,1,31000,31000
I003778,O01489,B0192,1,40000,40000
I003779,O01489,B0011,3,9000,27000
I003780,O01490,B0097,2,38000,76000
I003781,O01491,B0029,2,16000,32000
I003782,O01492,B0088,1,43000,43000
I003783,O01493,B0104,1,40000,40000
I003784,O01493,B0102,3,39000,117000
I003785,O01493,B0184,2,41000,82000
I003786,O01494,B0189,3,38000,114000
I003787,O01494,B0142,2,43000,86000
I003788,O01494,B0139,1,20000,20000
I003789,O01495,B0074,3,34000,102000
I003790,O01495,B0140,2,28000,56000
I003791,O01495,B0007,1,42000,42000
I003792,O01496,B0093,2,15000,30000
I003793,O01496,B0168,1,27000,27000
I003794,O01497,B0049,1,36000,36000
I003795,O01497,B0078,2,16000,32000
I003796,O01497,B0143,1,24000,24000
I003797,O01498,B0047,2,42000,84000
I003798,O01498,B0136,2,41000,82000
I003799,O01498,B0125,1,37000,37000
I003800,O01498,B0192,2,40000,80000
I003801,O01499,B0197,1,28000,28000
I003802,O01499,B0132,2,34000,68000
I003803,O01499,B0014,1,29000,29000
I003804,O01499,B0179,1,33000,33000
I003805,O01500,B0024,1,36000,36000
I003806,O01500,B0072,1,29000,29000
